document_name,page_number,detection_type
F1962003.json,2,Deux Colonnes
F1962004.json,7,Deux Colonnes
F1962005.json,13,Deux Colonnes
F1962006.json,2,Ligne Horizontale (3+ layouts)
F1962009.json,6,Deux Colonnes
F1962011.json,4,Deux Colonnes
F1962011.json,7,Deux Colonnes
F1962012.json,3,Deux Colonnes
F1962016.json,4,Ligne Horizontale (3+ layouts)
F1962016.json,5,Deux Colonnes
F1962018.json,9,Ligne Horizontale (3+ layouts)
F1962018.json,16,Deux Colonnes
F1962018.json,17,Deux Colonnes
F1962019.json,21,Deux Colonnes
F1962020.json,2,Deux Colonnes
F1963001.json,9,Deux Colonnes
F1963004.json,6,Deux Colonnes
F1963005.json,9,Deux Colonnes
F1963005.json,16,Deux Colonnes
F1963005.json,20,Deux Colonnes
F1963006.json,3,Deux Colonnes
F1963006.json,4,Deux Colonnes
F1963006.json,13,Deux Colonnes
F1963007.json,3,Deux Colonnes
F1963007.json,5,Deux Colonnes
F1963008.json,4,Deux Colonnes
F1963008.json,10,Deux Colonnes
F1963008.json,12,Deux Colonnes
F1963008.json,19,Deux Colonnes
F1963010.json,3,Ligne Horizontale (3+ layouts)
F1963010.json,11,Deux Colonnes
F1963011.json,2,Deux Colonnes
F1963013.json,5,Deux Colonnes
F1963015.json,3,Deux Colonnes
F1963016.json,2,Deux Colonnes
F1963017.json,5,Deux Colonnes
F1963017.json,6,Deux Colonnes
F1963020.json,5,Deux Colonnes
F1963021.json,12,Deux Colonnes
F1963023.json,5,Deux Colonnes
F1963025.json,3,Deux Colonnes
F1963026.json,7,Deux Colonnes
F1963029.json,2,Deux Colonnes
F1963029.json,3,Deux Colonnes
F1963029.json,8,Deux Colonnes
F1963029.json,27,Deux Colonnes
F1963034.json,2,Deux Colonnes
F1963034.json,3,Deux Colonnes
F1963034.json,14,Deux Colonnes
F1963035.json,26,Deux Colonnes
F1963037.json,9,Deux Colonnes
F1963038.json,2,Deux Colonnes
F1963040.json,3,Deux Colonnes
F1963040.json,5,Deux Colonnes
F1963041.json,2,Deux Colonnes
F1963043.json,14,Deux Colonnes
F1963043.json,15,Deux Colonnes
F1963045.json,7,Deux Colonnes
F1963046.json,5,Deux Colonnes
F1963047.json,13,Deux Colonnes
F1963048.json,1,Ligne Horizontale (3+ layouts)
F1963049.json,6,Deux Colonnes
F1963050.json,4,Deux Colonnes
F1963051.json,6,Deux Colonnes
F1963052.json,8,Deux Colonnes
F1963054.json,2,Deux Colonnes
F1963056.json,4,Deux Colonnes
F1963059.json,3,Deux Colonnes
F1963060.json,9,Deux Colonnes
F1963062.json,7,Deux Colonnes
F1963063.json,3,Ligne Horizontale (3+ layouts)
F1963065.json,4,Deux Colonnes
F1963065.json,6,Deux Colonnes
F1963065.json,7,Deux Colonnes
F1963065.json,12,Deux Colonnes
F1963066.json,3,Deux Colonnes
F1963066.json,5,Deux Colonnes
F1963066.json,6,Deux Colonnes
F1963066.json,7,Deux Colonnes
F1963070.json,4,Deux Colonnes
F1963072.json,6,Deux Colonnes
F1963076.json,6,Deux Colonnes
F1963078.json,5,Layouts Imbriqués
F1963078.json,7,Layouts Imbriqués
F1963078.json,9,Deux Colonnes
F1963078.json,9,Ligne Horizontale (3+ layouts)
F1963078.json,11,Deux Colonnes
F1963082.json,9,Ligne Horizontale (3+ layouts)
F1963084.json,7,Deux Colonnes
F1963085.json,4,Deux Colonnes
F1963085.json,5,Deux Colonnes
F1963085.json,12,Deux Colonnes
F1963087.json,14,Deux Colonnes
F1963088.json,2,Deux Colonnes
F1963088.json,4,Deux Colonnes
F1963088.json,5,Deux Colonnes
F1963088.json,6,Deux Colonnes
F1963091.json,5,Ligne Horizontale (3+ layouts)
F1963092.json,2,Deux Colonnes
F1963092.json,7,Deux Colonnes
F1963093.json,6,Deux Colonnes
F1963094.json,4,Deux Colonnes
F1963097.json,10,Deux Colonnes
F1963097.json,11,Deux Colonnes
F1963098.json,3,Deux Colonnes
F1964005.json,3,Deux Colonnes
F1964006.json,9,Deux Colonnes
F1964007.json,7,Deux Colonnes
F1964008.json,3,Deux Colonnes
F1964009.json,10,Deux Colonnes
F1964011.json,4,Deux Colonnes
F1964016.json,3,Deux Colonnes
F1964016.json,7,Deux Colonnes
F1964016.json,10,Deux Colonnes
F1964018.json,4,Deux Colonnes
F1964018.json,5,Deux Colonnes
F1964018.json,9,Deux Colonnes
F1964019.json,4,Deux Colonnes
F1964019.json,6,Deux Colonnes
F1964019.json,13,Deux Colonnes
F1964020.json,9,Deux Colonnes
F1964021.json,3,Deux Colonnes
F1964021.json,8,Deux Colonnes
F1964021.json,11,Deux Colonnes
F1964022.json,2,Deux Colonnes
F1964022.json,5,Deux Colonnes
F1964022.json,13,Deux Colonnes
F1964028.json,5,Deux Colonnes
F1964030.json,13,Deux Colonnes
F1964031.json,4,Deux Colonnes
F1964032.json,7,Deux Colonnes
F1964033.json,5,Deux Colonnes
F1964035.json,9,Deux Colonnes
F1964040.json,9,Deux Colonnes
F1964041.json,5,Ligne Horizontale (3+ layouts)
F1964041.json,6,Ligne Horizontale (3+ layouts)
F1964042.json,14,Deux Colonnes
F1964042.json,15,Deux Colonnes
F1964044.json,6,Deux Colonnes
F1964047.json,7,Deux Colonnes
F1964048.json,4,Deux Colonnes
F1964048.json,6,Deux Colonnes
F1964050.json,11,Deux Colonnes
F1964050.json,14,Deux Colonnes
F1964052.json,2,Deux Colonnes
F1964052.json,11,Deux Colonnes
F1964052.json,13,Deux Colonnes
F1964054.json,4,Deux Colonnes
F1964055.json,3,Deux Colonnes
F1964056.json,15,Deux Colonnes
F1964058.json,4,Deux Colonnes
F1964059.json,3,Deux Colonnes
F1964060.json,11,Deux Colonnes
F1964062.json,3,Deux Colonnes
F1964063.json,15,Ligne Horizontale (3+ layouts)
F1964064.json,6,Deux Colonnes
F1964065.json,7,Deux Colonnes
F1964066.json,8,Deux Colonnes
F1964066.json,10,Ligne Horizontale (3+ layouts)
F1964067.json,5,Deux Colonnes
F1964068.json,15,Ligne Horizontale (3+ layouts)
F1964073.json,7,Deux Colonnes
F1964073.json,8,Deux Colonnes
F1964073.json,10,Deux Colonnes
F1964075.json,5,Deux Colonnes
F1964077.json,5,Deux Colonnes
F1964079.json,4,Deux Colonnes
F1964080.json,7,Deux Colonnes
F1964081.json,2,Deux Colonnes
F1964081.json,5,Deux Colonnes
F1964082.json,7,Deux Colonnes
F1964085.json,11,Deux Colonnes
F1964088.json,21,Deux Colonnes
F1964090.json,1,Deux Colonnes
F1964093.json,3,Deux Colonnes
F1964094.json,6,Deux Colonnes
F1964097.json,3,Deux Colonnes
F1964100.json,6,Deux Colonnes
F1964102.json,2,Deux Colonnes
F1964105.json,5,Deux Colonnes
F1965004.json,3,Deux Colonnes
F1965012.json,5,Deux Colonnes
F1965013.json,2,Deux Colonnes
F1965014.json,4,Deux Colonnes
F1965014.json,13,Deux Colonnes
F1965014.json,14,Deux Colonnes
F1965017.json,8,Deux Colonnes
F1965020.json,7,Deux Colonnes
F1965027.json,4,Deux Colonnes
F1965030.json,2,Deux Colonnes
F1965033.json,41,Deux Colonnes
F1965036.json,25,Deux Colonnes
F1965036.json,28,Deux Colonnes
F1965038.json,2,Deux Colonnes
F1965038.json,3,Deux Colonnes
F1965040.json,2,Deux Colonnes
F1965040.json,3,Deux Colonnes
F1965046.json,5,Deux Colonnes
F1965048.json,4,Deux Colonnes
F1965048.json,7,Deux Colonnes
F1965048.json,13,Ligne Horizontale (3+ layouts)
F1965048.json,14,Ligne Horizontale (3+ layouts)
F1965050.json,2,Deux Colonnes
F1965051.json,5,Deux Colonnes
F1965052.json,1,Deux Colonnes
F1965053.json,3,Deux Colonnes
F1965054.json,3,Deux Colonnes
F1965060.json,1,Ligne Horizontale (3+ layouts)
F1965061.json,7,Ligne Horizontale (3+ layouts)
F1965061.json,8,Deux Colonnes
F1965063.json,4,Deux Colonnes
F1965064.json,5,Deux Colonnes
F1965066.json,5,Deux Colonnes
F1965071.json,7,Ligne Horizontale (3+ layouts)
F1965073.json,5,Ligne Horizontale (3+ layouts)
F1965073.json,11,Deux Colonnes
F1965074.json,3,Deux Colonnes
F1965077.json,2,Deux Colonnes
F1965081.json,2,Deux Colonnes
F1965093.json,5,Deux Colonnes
F1965098.json,33,Deux Colonnes
F1965100.json,5,Layouts Imbriqués
F1965100.json,21,Layouts Imbriqués
F1965100.json,23,Ligne Horizontale (3+ layouts)
F1965100.json,25,Ligne Horizontale (3+ layouts)
F1965100.json,35,Ligne Horizontale (3+ layouts)
F1965100.json,36,Ligne Horizontale (3+ layouts)
F1965100.json,37,Layouts Imbriqués
F1965100.json,50,Layouts Imbriqués
F1965100.json,60,Layouts Imbriqués
F1965100.json,61,Ligne Horizontale (3+ layouts)
F1965100.json,63,Deux Colonnes
F1965100.json,67,Ligne Horizontale (3+ layouts)
F1965100.json,68,Ligne Horizontale (3+ layouts)
F1965100.json,69,Ligne Horizontale (3+ layouts)
F1965100.json,70,Ligne Horizontale (3+ layouts)
F1965100.json,71,Ligne Horizontale (3+ layouts)
F1965100.json,72,Ligne Horizontale (3+ layouts)
F1965100.json,73,Ligne Horizontale (3+ layouts)
F1965100.json,74,Ligne Horizontale (3+ layouts)
F1965100.json,76,Ligne Horizontale (3+ layouts)
F1965101.json,11,Deux Colonnes
F1965103.json,2,Deux Colonnes
F1965104.json,7,Deux Colonnes
F1965104.json,10,Deux Colonnes
F1965104.json,11,Deux Colonnes
F1965107.json,4,Deux Colonnes
F1966011.json,6,Ligne Horizontale (3+ layouts)
F1966013.json,1,Deux Colonnes
F1966013.json,3,Deux Colonnes
F1966014.json,2,Deux Colonnes
F1966014.json,3,Deux Colonnes
F1966014.json,5,Deux Colonnes
F1966018.json,4,Deux Colonnes
F1966019.json,8,Ligne Horizontale (3+ layouts)
F1966021.json,5,Deux Colonnes
F1966022.json,2,Deux Colonnes
F1966025.json,3,Ligne Horizontale (3+ layouts)
F1966025.json,6,Ligne Horizontale (3+ layouts)
F1966027.json,3,Deux Colonnes
F1966028.json,6,Deux Colonnes
F1966029.json,6,Ligne Horizontale (3+ layouts)
F1966030.json,5,Deux Colonnes
F1966031.json,7,Deux Colonnes
F1966038.json,4,Deux Colonnes
F1966040.json,5,Deux Colonnes
F1966046.json,12,Deux Colonnes
F1966050.json,13,Deux Colonnes
F1966050.json,14,Deux Colonnes
F1966051.json,16,Deux Colonnes
F1966051.json,17,Deux Colonnes
F1966053.json,6,Ligne Horizontale (3+ layouts)
F1966054.json,4,Deux Colonnes
F1966056.json,7,Ligne Horizontale (3+ layouts)
F1966059.json,4,Ligne Horizontale (3+ layouts)
F1966059.json,6,Deux Colonnes
F1966059.json,12,Deux Colonnes
F1966062.json,4,Deux Colonnes
F1966063.json,2,Deux Colonnes
F1966068.json,3,Deux Colonnes
F1966068.json,5,Deux Colonnes
F1966069.json,3,Deux Colonnes
F1966069.json,6,Ligne Horizontale (3+ layouts)
F1966071.json,4,Deux Colonnes
F1966072.json,12,Ligne Horizontale (3+ layouts)
F1966073.json,7,Ligne Horizontale (3+ layouts)
F1966076.json,6,Deux Colonnes
F1966077.json,12,Ligne Horizontale (3+ layouts)
F1966078.json,2,Deux Colonnes
F1966090.json,7,Ligne Horizontale (3+ layouts)
F1966090.json,11,Ligne Horizontale (3+ layouts)
F1966090.json,14,Ligne Horizontale (3+ layouts)
F1966090.json,15,Ligne Horizontale (3+ layouts)
F1966092.json,7,Deux Colonnes
F1966092.json,15,Ligne Horizontale (3+ layouts)
F1966093.json,10,Deux Colonnes
F1966095.json,6,Deux Colonnes
F1966099.json,22,Deux Colonnes
F1966102.json,10,Deux Colonnes
F1966105.json,6,Deux Colonnes
F1966106.json,9,Deux Colonnes
F1966106.json,10,Ligne Horizontale (3+ layouts)
F1966107.json,2,Deux Colonnes
F1966108.json,6,Deux Colonnes
F1967002.json,5,Deux Colonnes
F1967004.json,2,Ligne Horizontale (3+ layouts)
F1967004.json,3,Ligne Horizontale (3+ layouts)
F1967007.json,6,Deux Colonnes
F1967014.json,5,Ligne Horizontale (3+ layouts)
F1967035.json,3,Deux Colonnes
F1967038.json,9,Deux Colonnes
F1967044.json,2,Ligne Horizontale (3+ layouts)
F1967044.json,3,Deux Colonnes
F1967045.json,5,Deux Colonnes
F1967045.json,6,Ligne Horizontale (3+ layouts)
F1967050.json,4,Ligne Horizontale (3+ layouts)
F1967050.json,5,Ligne Horizontale (3+ layouts)
F1967050.json,8,Ligne Horizontale (3+ layouts)
F1967052.json,7,Ligne Horizontale (3+ layouts)
F1967053.json,5,Deux Colonnes
F1967053.json,6,Deux Colonnes
F1967054.json,5,Deux Colonnes
F1967054.json,7,Deux Colonnes
F1967061.json,3,Ligne Horizontale (3+ layouts)
F1967068.json,2,Ligne Horizontale (3+ layouts)
F1967071.json,2,Deux Colonnes
F1967078.json,1,Deux Colonnes
F1967079.json,3,Deux Colonnes
F1967080.json,2,Ligne Horizontale (3+ layouts)
F1967081.json,7,Deux Colonnes
F1967087.json,15,Deux Colonnes
F1967092.json,2,Ligne Horizontale (3+ layouts)
F1967098.json,11,Deux Colonnes
F1967098.json,13,Deux Colonnes
F1967101.json,2,Ligne Horizontale (3+ layouts)
F1967102.json,2,Ligne Horizontale (3+ layouts)
F1967105.json,6,Deux Colonnes
F1967106.json,3,Deux Colonnes
F1967106.json,4,Ligne Horizontale (3+ layouts)
F1967106.json,5,Deux Colonnes
F1968007.json,16,Deux Colonnes
F1968008.json,14,Deux Colonnes
F1968008.json,21,Deux Colonnes
F1968011.json,6,Deux Colonnes
F1968015.json,5,Ligne Horizontale (3+ layouts)
F1968019.json,2,Deux Colonnes
F1968025.json,4,Ligne Horizontale (3+ layouts)
F1968027.json,5,Deux Colonnes
F1968029.json,4,Deux Colonnes
F1968032.json,23,Ligne Horizontale (3+ layouts)
F1968034.json,3,Deux Colonnes
F1968035.json,2,Ligne Horizontale (3+ layouts)
F1968035.json,7,Ligne Horizontale (3+ layouts)
F1968040.json,16,Ligne Horizontale (3+ layouts)
F1968040.json,17,Deux Colonnes
F1968040.json,18,Ligne Horizontale (3+ layouts)
F1968043.json,6,Deux Colonnes
F1968045.json,6,Ligne Horizontale (3+ layouts)
F1968046.json,28,Deux Colonnes
F1968051.json,8,Deux Colonnes
F1968056.json,4,Ligne Horizontale (3+ layouts)
F1968057.json,5,Deux Colonnes
F1968063.json,6,Deux Colonnes
F1968066.json,9,Ligne Horizontale (3+ layouts)
F1968068.json,6,Ligne Horizontale (3+ layouts)
F1968070.json,4,Deux Colonnes
F1968071.json,2,Deux Colonnes
F1968073.json,2,Deux Colonnes
F1968077.json,4,Deux Colonnes
F1968080.json,4,Ligne Horizontale (3+ layouts)
F1968081.json,7,Deux Colonnes
F1968081.json,11,Deux Colonnes
F1968083.json,4,Ligne Horizontale (3+ layouts)
F1968084.json,11,Deux Colonnes
F1968085.json,10,Deux Colonnes
F1968092.json,9,Deux Colonnes
F1968094.json,4,Deux Colonnes
F1968105.json,2,Deux Colonnes
F1968105.json,4,Deux Colonnes
F1968106.json,10,Deux Colonnes
F1969004.json,5,Deux Colonnes
F1969005.json,6,Deux Colonnes
F1969015.json,8,Ligne Horizontale (3+ layouts)
F1969018.json,5,Deux Colonnes
F1969020.json,2,Ligne Horizontale (3+ layouts)
F1969020.json,3,Deux Colonnes
F1969022.json,4,Deux Colonnes
F1969024.json,6,Ligne Horizontale (3+ layouts)
F1969026.json,4,Ligne Horizontale (3+ layouts)
F1969037.json,4,Deux Colonnes
F1969038.json,2,Deux Colonnes
F1969043.json,11,Deux Colonnes
F1969043.json,14,Deux Colonnes
F1969045.json,22,Deux Colonnes
F1969047.json,7,Ligne Horizontale (3+ layouts)
F1969048.json,2,Deux Colonnes
F1969048.json,4,Deux Colonnes
F1969049.json,9,Ligne Horizontale (3+ layouts)
F1969050.json,5,Deux Colonnes
F1969052.json,7,Deux Colonnes
F1969053.json,10,Deux Colonnes
F1969056.json,5,Ligne Horizontale (3+ layouts)
F1969056.json,7,Ligne Horizontale (3+ layouts)
F1969056.json,8,Ligne Horizontale (3+ layouts)
F1969058.json,4,Deux Colonnes
F1969060.json,5,Ligne Horizontale (3+ layouts)
F1969064.json,3,Ligne Horizontale (3+ layouts)
F1969064.json,6,Ligne Horizontale (3+ layouts)
F1969064.json,10,Deux Colonnes
F1969064.json,13,Ligne Horizontale (3+ layouts)
F1969066.json,7,Ligne Horizontale (3+ layouts)
F1969067.json,3,Ligne Horizontale (3+ layouts)
F1969067.json,6,Deux Colonnes
F1969067.json,7,Deux Colonnes
F1969067.json,9,Deux Colonnes
F1969067.json,10,Ligne Horizontale (3+ layouts)
F1969068.json,2,Ligne Horizontale (3+ layouts)
F1969068.json,13,Ligne Horizontale (3+ layouts)
F1969068.json,14,Deux Colonnes
F1969068.json,15,Deux Colonnes
F1969069.json,2,Deux Colonnes
F1969069.json,4,Deux Colonnes
F1969069.json,5,Ligne Horizontale (3+ layouts)
F1969069.json,13,Deux Colonnes
F1969069.json,14,Deux Colonnes
F1969069.json,21,Deux Colonnes
F1969070.json,10,Deux Colonnes
F1969070.json,29,Deux Colonnes
F1969070.json,37,Ligne Horizontale (3+ layouts)
F1969071.json,8,Deux Colonnes
F1969072.json,9,Ligne Horizontale (3+ layouts)
F1969072.json,13,Deux Colonnes
F1969073.json,7,Ligne Horizontale (3+ layouts)
F1969079.json,2,Deux Colonnes
F1969079.json,5,Deux Colonnes
F1969087.json,2,Ligne Horizontale (3+ layouts)
F1969088.json,9,Deux Colonnes
F1969089.json,3,Ligne Horizontale (3+ layouts)
F1969089.json,4,Ligne Horizontale (3+ layouts)
F1969090.json,2,Ligne Horizontale (3+ layouts)
F1969090.json,14,Deux Colonnes
F1969091.json,2,Ligne Horizontale (3+ layouts)
F1969094.json,2,Ligne Horizontale (3+ layouts)
F1969094.json,14,Deux Colonnes
F1969097.json,2,Ligne Horizontale (3+ layouts)
F1969097.json,3,Ligne Horizontale (3+ layouts)
F1969098.json,8,Deux Colonnes
F1969100.json,2,Ligne Horizontale (3+ layouts)
F1969107.json,9,Ligne Horizontale (3+ layouts)
F1969108.json,9,Deux Colonnes
F1969109.json,9,Deux Colonnes
F1969110.json,11,Ligne Horizontale (3+ layouts)
F1970001.json,2,Deux Colonnes
F1970004.json,2,Ligne Horizontale (3+ layouts)
F1970006.json,5,Deux Colonnes
F1970007.json,17,Deux Colonnes
F1970010.json,6,Deux Colonnes
F1970012.json,8,Deux Colonnes
F1970012.json,11,Deux Colonnes
F1970013.json,4,Deux Colonnes
F1970022.json,12,Deux Colonnes
F1970022.json,13,Ligne Horizontale (3+ layouts)
F1970022.json,13,Layouts Imbriqués
F1970024.json,5,Ligne Horizontale (3+ layouts)
F1970026.json,7,Deux Colonnes
F1970031.json,3,Deux Colonnes
F1970034.json,3,Ligne Horizontale (3+ layouts)
F1970035.json,2,Deux Colonnes
F1970035.json,6,Ligne Horizontale (3+ layouts)
F1970037.json,4,Deux Colonnes
F1970038.json,3,Deux Colonnes
F1970040.json,2,Ligne Horizontale (3+ layouts)
F1970040.json,3,Ligne Horizontale (3+ layouts)
F1970042.json,5,Deux Colonnes
F1970050.json,6,Deux Colonnes
F1970059.json,8,Deux Colonnes
F1970061.json,8,Deux Colonnes
F1970064.json,6,Deux Colonnes
F1970066.json,2,Deux Colonnes
F1970069.json,12,Deux Colonnes
F1970070.json,8,Deux Colonnes
F1970072.json,2,Ligne Horizontale (3+ layouts)
F1970075.json,8,Deux Colonnes
F1970077.json,3,Deux Colonnes
F1970080.json,4,Deux Colonnes
F1970082.json,2,Deux Colonnes
F1970083.json,4,Deux Colonnes
F1970083.json,5,Deux Colonnes
F1970088.json,7,Deux Colonnes
F1970089.json,2,Ligne Horizontale (3+ layouts)
F1970093.json,4,Deux Colonnes
F1970094.json,3,Ligne Horizontale (3+ layouts)
F1970098.json,5,Deux Colonnes
F1970098.json,6,Deux Colonnes
F1970104.json,5,Deux Colonnes
F1970106.json,2,Ligne Horizontale (3+ layouts)
F1970107.json,6,Deux Colonnes
F1970108.json,11,Deux Colonnes
F1971005.json,4,Deux Colonnes
F1971005.json,5,Deux Colonnes
F1971011.json,2,Deux Colonnes
F1971014.json,3,Deux Colonnes
F1971021.json,4,Deux Colonnes
F1971024.json,2,Deux Colonnes
F1971035.json,2,Deux Colonnes
F1971036.json,4,Deux Colonnes
F1971045.json,3,Deux Colonnes
F1971048.json,6,Deux Colonnes
F1971048.json,11,Ligne Horizontale (3+ layouts)
F1971049.json,2,Ligne Horizontale (3+ layouts)
F1971050.json,4,Ligne Horizontale (3+ layouts)
F1971050.json,5,Ligne Horizontale (3+ layouts)
F1971050.json,9,Ligne Horizontale (3+ layouts)
F1971050.json,13,Ligne Horizontale (3+ layouts)
F1971050.json,17,Ligne Horizontale (3+ layouts)
F1971050.json,18,Ligne Horizontale (3+ layouts)
F1971050.json,20,Ligne Horizontale (3+ layouts)
F1971050.json,24,Ligne Horizontale (3+ layouts)
F1971050.json,25,Ligne Horizontale (3+ layouts)
F1971054.json,5,Deux Colonnes
F1971061.json,9,Deux Colonnes
F1971064.json,7,Ligne Horizontale (3+ layouts)
F1971071.json,5,Deux Colonnes
F1971073.json,6,Deux Colonnes
F1971073.json,7,Deux Colonnes
F1971073.json,8,Deux Colonnes
F1971075.json,9,Deux Colonnes
F1971077.json,11,Deux Colonnes
F1971078.json,8,Ligne Horizontale (3+ layouts)
F1971078.json,15,Deux Colonnes
F1971081.json,8,Deux Colonnes
F1971081.json,9,Deux Colonnes
F1971081.json,11,Deux Colonnes
F1971084.json,6,Deux Colonnes
F1971085.json,5,Deux Colonnes
F1971086.json,8,Deux Colonnes
F1971086.json,10,Deux Colonnes
F1971088.json,8,Ligne Horizontale (3+ layouts)
F1971088.json,10,Deux Colonnes
F1971089.json,5,Deux Colonnes
F1971093.json,3,Ligne Horizontale (3+ layouts)
F1971094.json,2,Deux Colonnes
F1971095.json,5,Deux Colonnes
F1971096.json,2,Ligne Horizontale (3+ layouts)
F1971096.json,6,Deux Colonnes
F1971102.json,6,Ligne Horizontale (3+ layouts)
F1971102.json,10,Deux Colonnes
F1971102.json,16,Deux Colonnes
F1971102.json,19,Deux Colonnes
F1971103.json,8,Deux Colonnes
F1971106.json,3,Ligne Horizontale (3+ layouts)
F1971107.json,17,Deux Colonnes
F1972001.json,2,Ligne Horizontale (3+ layouts)
F1972003.json,2,Deux Colonnes
F1972003.json,6,Deux Colonnes
F1972004.json,2,Deux Colonnes
F1972004.json,3,Deux Colonnes
F1972010.json,5,Deux Colonnes
F1972012.json,7,Deux Colonnes
F1972013.json,4,Deux Colonnes
F1972014.json,6,Ligne Horizontale (3+ layouts)
F1972020.json,7,Ligne Horizontale (3+ layouts)
F1972021.json,2,Deux Colonnes
F1972021.json,16,Deux Colonnes
F1972022.json,2,Deux Colonnes
F1972022.json,5,Deux Colonnes
F1972023.json,4,Deux Colonnes
F1972027.json,9,Ligne Horizontale (3+ layouts)
F1972030.json,5,Deux Colonnes
F1972031.json,4,Deux Colonnes
F1972039.json,9,Deux Colonnes
F1972042.json,6,Ligne Horizontale (3+ layouts)
F1972043.json,8,Ligne Horizontale (3+ layouts)
F1972044.json,6,Deux Colonnes
F1972045.json,3,Deux Colonnes
F1972045.json,9,Deux Colonnes
F1972046.json,5,Deux Colonnes
F1972051.json,21,Deux Colonnes
F1972051.json,23,Deux Colonnes
F1972051.json,24,Deux Colonnes
F1972055.json,2,Deux Colonnes
F1972057.json,4,Deux Colonnes
F1972058.json,4,Deux Colonnes
F1972058.json,12,Deux Colonnes
F1972067.json,7,Deux Colonnes
F1972068.json,2,Deux Colonnes
F1972072.json,9,Deux Colonnes
F1972075.json,3,Ligne Horizontale (3+ layouts)
F1972077.json,4,Deux Colonnes
F1972078.json,3,Deux Colonnes
F1972078.json,8,Deux Colonnes
F1972080.json,8,Deux Colonnes
F1972082.json,6,Deux Colonnes
F1972087.json,8,Deux Colonnes
F1972087.json,9,Deux Colonnes
F1972094.json,2,Deux Colonnes
F1972095.json,7,Deux Colonnes
F1972099.json,5,Deux Colonnes
F1972099.json,9,Deux Colonnes
F1972099.json,10,Deux Colonnes
F1973001.json,1,Ligne Horizontale (3+ layouts)
F1973001.json,2,Ligne Horizontale (3+ layouts)
F1973002.json,4,Ligne Horizontale (3+ layouts)
F1973007.json,2,Deux Colonnes
F1973007.json,3,Deux Colonnes
F1973007.json,4,Ligne Horizontale (3+ layouts)
F1973007.json,6,Deux Colonnes
F1973008.json,3,Deux Colonnes
F1973011.json,3,Deux Colonnes
F1973011.json,5,Deux Colonnes
F1973012.json,3,Deux Colonnes
F1973013.json,7,Ligne Horizontale (3+ layouts)
F1973013.json,10,Ligne Horizontale (3+ layouts)
F1973013.json,14,Ligne Horizontale (3+ layouts)
F1973013.json,15,Deux Colonnes
F1973013.json,17,Ligne Horizontale (3+ layouts)
F1973013.json,24,Ligne Horizontale (3+ layouts)
F1973013.json,29,Ligne Horizontale (3+ layouts)
F1973014.json,2,Deux Colonnes
F1973021.json,3,Deux Colonnes
F1973023.json,4,Deux Colonnes
F1973026.json,10,Deux Colonnes
F1973033.json,8,Deux Colonnes
F1973033.json,9,Deux Colonnes
F1973033.json,10,Deux Colonnes
F1973036.json,2,Deux Colonnes
F1973036.json,6,Deux Colonnes
F1973037.json,4,Deux Colonnes
F1973038.json,3,Deux Colonnes
F1973039.json,6,Deux Colonnes
F1973041.json,2,Deux Colonnes
F1973041.json,4,Deux Colonnes
F1973043.json,6,Deux Colonnes
F1973046.json,5,Deux Colonnes
F1973049.json,4,Deux Colonnes
F1973049.json,5,Deux Colonnes
F1973050.json,3,Deux Colonnes
F1973050.json,5,Deux Colonnes
F1973051.json,7,Deux Colonnes
F1973052.json,5,Deux Colonnes
F1973052.json,6,Deux Colonnes
F1973057.json,2,Deux Colonnes
F1973057.json,4,Deux Colonnes
F1973057.json,9,Deux Colonnes
F1973059.json,7,Deux Colonnes
F1973059.json,11,Deux Colonnes
F1973060.json,2,Deux Colonnes
F1973065.json,2,Deux Colonnes
F1973065.json,10,Deux Colonnes
F1973065.json,12,Deux Colonnes
F1973065.json,24,Deux Colonnes
F1973065.json,32,Deux Colonnes
F1973071.json,2,Deux Colonnes
F1973074.json,3,Deux Colonnes
F1973074.json,5,Deux Colonnes
F1974002.json,5,Deux Colonnes
F1974002.json,6,Deux Colonnes
F1974005.json,6,Deux Colonnes
F1974006.json,4,Deux Colonnes
F1974007.json,2,Deux Colonnes
F1974007.json,7,Deux Colonnes
F1974020.json,6,Deux Colonnes
F1974021.json,3,Deux Colonnes
F1974022.json,2,Ligne Horizontale (3+ layouts)
F1974022.json,4,Deux Colonnes
F1974027.json,7,Deux Colonnes
F1974029.json,6,Deux Colonnes
F1974037.json,3,Deux Colonnes
F1974039.json,2,Ligne Horizontale (3+ layouts)
F1974041.json,6,Deux Colonnes
F1974045.json,10,Deux Colonnes
F1974056.json,4,Deux Colonnes
F1974065.json,4,Deux Colonnes
F1974067.json,6,Deux Colonnes
F1974073.json,5,Deux Colonnes
F1974086.json,5,Deux Colonnes
F1974087.json,6,Deux Colonnes
F1974089.json,3,Deux Colonnes
F1974089.json,4,Deux Colonnes
F1974089.json,5,Deux Colonnes
F1974090.json,4,Deux Colonnes
F1974090.json,6,Ligne Horizontale (3+ layouts)
F1974095.json,4,Deux Colonnes
F1974095.json,7,Deux Colonnes
F1974101.json,2,Ligne Horizontale (3+ layouts)
F1975003.json,9,Deux Colonnes
F1975008.json,10,Deux Colonnes
F1975009.json,2,Deux Colonnes
F1975011.json,2,Deux Colonnes
F1975015.json,7,Ligne Horizontale (3+ layouts)
F1975017.json,2,Deux Colonnes
F1975025.json,7,Deux Colonnes
F1975027.json,8,Deux Colonnes
F1975029.json,2,Deux Colonnes
F1975030.json,6,Deux Colonnes
F1975034.json,2,Deux Colonnes
F1975044.json,10,Deux Colonnes
F1975045.json,3,Deux Colonnes
F1975046.json,7,Deux Colonnes
F1975047.json,5,Deux Colonnes
F1975048.json,6,Deux Colonnes
F1975056.json,2,Deux Colonnes
F1975056.json,4,Deux Colonnes
F1975064.json,4,Deux Colonnes
F1975068.json,3,Deux Colonnes
F1975070.json,5,Deux Colonnes
F1975077.json,2,Deux Colonnes
F1975082.json,3,Deux Colonnes
F1975085.json,2,Deux Colonnes
F1975085.json,3,Deux Colonnes
F1975085.json,4,Deux Colonnes
F1975086.json,2,Deux Colonnes
F1975087.json,3,Deux Colonnes
F1975088.json,4,Deux Colonnes
F1975089.json,4,Deux Colonnes
F1975090.json,5,Ligne Horizontale (3+ layouts)
F1975094.json,2,Deux Colonnes
F1975097.json,1,Ligne Horizontale (3+ layouts)
F1975097.json,2,Ligne Horizontale (3+ layouts)
F1975101.json,53,Deux Colonnes
F1975103.json,6,Deux Colonnes
F1975103.json,7,Ligne Horizontale (3+ layouts)
F1976009.json,5,Deux Colonnes
F1976017.json,6,Deux Colonnes
F1976020.json,10,Deux Colonnes
F1976027.json,4,Deux Colonnes
F1976029.json,12,Deux Colonnes
F1976031.json,5,Deux Colonnes
F1976037.json,4,Deux Colonnes
F1976037.json,5,Deux Colonnes
F1976038.json,7,Deux Colonnes
F1976041.json,7,Deux Colonnes
F1976042.json,6,Deux Colonnes
F1976042.json,7,Deux Colonnes
F1976045.json,4,Ligne Horizontale (3+ layouts)
F1976047.json,3,Deux Colonnes
F1976049.json,9,Deux Colonnes
F1976050.json,6,Deux Colonnes
F1976051.json,3,Deux Colonnes
F1976053.json,4,Deux Colonnes
F1976056.json,6,Deux Colonnes
F1976056.json,7,Deux Colonnes
F1976062.json,2,Deux Colonnes
F1976063.json,7,Deux Colonnes
F1976065.json,5,Deux Colonnes
F1976065.json,6,Deux Colonnes
F1976066.json,5,Ligne Horizontale (3+ layouts)
F1976066.json,6,Ligne Horizontale (3+ layouts)
F1976067.json,2,Deux Colonnes
F1976071.json,2,Ligne Horizontale (3+ layouts)
F1976073.json,3,Deux Colonnes
F1976075.json,3,Ligne Horizontale (3+ layouts)
F1976076.json,3,Deux Colonnes
F1976082.json,2,Deux Colonnes
F1976088.json,7,Deux Colonnes
F1976092.json,4,Ligne Horizontale (3+ layouts)
F1976092.json,5,Ligne Horizontale (3+ layouts)
F1976093.json,2,Deux Colonnes
F1976097.json,2,Deux Colonnes
F1976102.json,15,Deux Colonnes
F1976102.json,58,Ligne Horizontale (3+ layouts)
F1976105.json,4,Deux Colonnes
F1976105.json,9,Deux Colonnes
F1976105.json,10,Deux Colonnes
F1976105.json,22,Deux Colonnes
F1976105.json,26,Deux Colonnes
F1976105.json,34,Deux Colonnes
F1976105.json,37,Deux Colonnes
F1976105.json,42,Deux Colonnes
F1976105.json,44,Deux Colonnes
F1977006.json,2,Deux Colonnes
F1977006.json,9,Deux Colonnes
F1977007.json,2,Deux Colonnes
F1977010.json,6,Deux Colonnes
F1977013.json,7,Deux Colonnes
F1977014.json,3,Deux Colonnes
F1977015.json,2,Ligne Horizontale (3+ layouts)
F1977020.json,3,Deux Colonnes
F1977021.json,2,Deux Colonnes
F1977022.json,4,Deux Colonnes
F1977024.json,5,Ligne Horizontale (3+ layouts)
F1977026.json,7,Deux Colonnes
F1977028.json,10,Deux Colonnes
F1977028.json,20,Deux Colonnes
F1977031.json,2,Deux Colonnes
F1977032.json,3,Deux Colonnes
F1977033.json,7,Deux Colonnes
F1977034.json,5,Deux Colonnes
F1977036.json,23,Ligne Horizontale (3+ layouts)
F1977040.json,3,Deux Colonnes
F1977045.json,4,Ligne Horizontale (3+ layouts)
F1977045.json,5,Ligne Horizontale (3+ layouts)
F1977046.json,7,Deux Colonnes
F1977049.json,5,Deux Colonnes
F1977052.json,3,Deux Colonnes
F1977054.json,6,Deux Colonnes
F1977055.json,2,Deux Colonnes
F1977055.json,6,Deux Colonnes
F1977056.json,6,Deux Colonnes
F1977061.json,2,Ligne Horizontale (3+ layouts)
F1977061.json,3,Ligne Horizontale (3+ layouts)
F1977068.json,2,Ligne Horizontale (3+ layouts)
F1977068.json,3,Ligne Horizontale (3+ layouts)
F1977068.json,4,Ligne Horizontale (3+ layouts)
F1977070.json,10,Deux Colonnes
F1977071.json,3,Deux Colonnes
F1977073.json,7,Deux Colonnes
F1977077.json,2,Deux Colonnes
F1977080.json,9,Deux Colonnes
F1977082.json,11,Deux Colonnes
F1977082.json,13,Deux Colonnes
F1977082.json,19,Deux Colonnes
F1977083.json,5,Deux Colonnes
F1978001.json,5,Ligne Horizontale (3+ layouts)
F1978001.json,10,Deux Colonnes
F1978001.json,18,Deux Colonnes
F1978002.json,3,Deux Colonnes
F1978002.json,9,Deux Colonnes
F1978003.json,3,Deux Colonnes
F1978003.json,4,Deux Colonnes
F1978005.json,1,Ligne Horizontale (3+ layouts)
F1978005.json,12,Deux Colonnes
F1978006.json,19,Deux Colonnes
F1978007.json,9,Deux Colonnes
F1978008.json,2,Deux Colonnes
F1978008.json,7,Deux Colonnes
F1978010.json,4,Deux Colonnes
F1978011.json,4,Deux Colonnes
F1978012.json,3,Deux Colonnes
F1978014.json,2,Deux Colonnes
F1978020.json,2,Deux Colonnes
F1978022.json,9,Deux Colonnes
F1978023.json,2,Ligne Horizontale (3+ layouts)
F1978023.json,3,Ligne Horizontale (3+ layouts)
F1978023.json,4,Deux Colonnes
F1978024.json,13,Deux Colonnes
F1978025.json,15,Deux Colonnes
F1978028.json,5,Deux Colonnes
F1978029.json,6,Deux Colonnes
F1978031.json,7,Deux Colonnes
F1978031.json,14,Deux Colonnes
F1978031.json,19,Deux Colonnes
F1978033.json,4,Deux Colonnes
F1978035.json,3,Deux Colonnes
F1978035.json,6,Deux Colonnes
F1978035.json,10,Deux Colonnes
F1978036.json,6,Deux Colonnes
F1978037.json,13,Deux Colonnes
F1978039.json,22,Deux Colonnes
F1978040.json,3,Deux Colonnes
F1978040.json,11,Deux Colonnes
F1978042.json,6,Deux Colonnes
F1978042.json,8,Deux Colonnes
F1978042.json,9,Ligne Horizontale (3+ layouts)
F1978043.json,13,Deux Colonnes
F1978044.json,10,Deux Colonnes
F1978046.json,16,Deux Colonnes
F1978047.json,5,Deux Colonnes
F1978047.json,7,Deux Colonnes
F1978049.json,3,Deux Colonnes
F1978049.json,4,Deux Colonnes
F1978051.json,9,Ligne Horizontale (3+ layouts)
F1979001.json,13,Ligne Horizontale (3+ layouts)
F1979003.json,10,Deux Colonnes
F1979006.json,3,Deux Colonnes
F1979006.json,8,Deux Colonnes
F1979006.json,19,Deux Colonnes
F1979013.json,8,Deux Colonnes
F1979013.json,9,Deux Colonnes
F1979015.json,5,Deux Colonnes
F1979015.json,6,Deux Colonnes
F1979015.json,7,Ligne Horizontale (3+ layouts)
F1979015.json,18,Deux Colonnes
F1979015.json,21,Deux Colonnes
F1979016.json,3,Deux Colonnes
F1979017.json,8,Deux Colonnes
F1979017.json,23,Deux Colonnes
F1979018.json,4,Deux Colonnes
F1979018.json,10,Deux Colonnes
F1979019.json,10,Deux Colonnes
F1979020.json,11,Deux Colonnes
F1979021.json,7,Deux Colonnes
F1979021.json,8,Deux Colonnes
F1979022.json,4,Deux Colonnes
F1979022.json,6,Deux Colonnes
F1979023.json,2,Deux Colonnes
F1979023.json,3,Deux Colonnes
F1979025.json,3,Deux Colonnes
F1979025.json,4,Deux Colonnes
F1979025.json,12,Deux Colonnes
F1979026.json,3,Deux Colonnes
F1979026.json,7,Ligne Horizontale (3+ layouts)
F1979026.json,8,Ligne Horizontale (3+ layouts)
F1979026.json,9,Ligne Horizontale (3+ layouts)
F1979026.json,11,Deux Colonnes
F1979027.json,11,Deux Colonnes
F1979032.json,3,Deux Colonnes
F1979034.json,16,Deux Colonnes
F1979034.json,17,Deux Colonnes
F1979036.json,6,Deux Colonnes
F1979036.json,8,Deux Colonnes
F1979037.json,6,Deux Colonnes
F1979039.json,5,Deux Colonnes
F1979041.json,9,Deux Colonnes
F1979042.json,2,Deux Colonnes
F1979046.json,15,Deux Colonnes
F1979048.json,3,Deux Colonnes
F1979048.json,4,Deux Colonnes
F1979048.json,5,Deux Colonnes
F1979048.json,7,Deux Colonnes
F1979049.json,2,Deux Colonnes
F1979050.json,4,Deux Colonnes
F1979050.json,10,Deux Colonnes
F1979050.json,12,Deux Colonnes
F1979051.json,9,Deux Colonnes
F1979051.json,11,Ligne Horizontale (3+ layouts)
F1979051.json,12,Ligne Horizontale (3+ layouts)
F1979051.json,13,Ligne Horizontale (3+ layouts)
F1979051.json,14,Ligne Horizontale (3+ layouts)
F1979051.json,15,Ligne Horizontale (3+ layouts)
F1979051.json,16,Ligne Horizontale (3+ layouts)
F1979051.json,19,Ligne Horizontale (3+ layouts)
F1979052.json,12,Deux Colonnes
F1979053.json,14,Deux Colonnes
F1979053.json,17,Deux Colonnes
F1980002.json,12,Deux Colonnes
F1980003.json,7,Deux Colonnes
F1980004.json,3,Deux Colonnes
F1980004.json,4,Deux Colonnes
F1980006.json,13,Deux Colonnes
F1980006.json,17,Deux Colonnes
F1980007.json,10,Deux Colonnes
F1980007.json,11,Deux Colonnes
F1980011.json,15,Deux Colonnes
F1980014.json,3,Deux Colonnes
F1980014.json,18,Deux Colonnes
F1980014.json,19,Deux Colonnes
F1980014.json,32,Deux Colonnes
F1980015.json,19,Deux Colonnes
F1980016.json,26,Deux Colonnes
F1980018.json,2,Deux Colonnes
F1980021.json,10,Deux Colonnes
F1980021.json,21,Deux Colonnes
F1980021.json,28,Deux Colonnes
F1980021.json,32,Deux Colonnes
F1980022.json,5,Deux Colonnes
F1980022.json,31,Deux Colonnes
F1980022.json,40,Deux Colonnes
F1980023.json,6,Deux Colonnes
F1980023.json,12,Deux Colonnes
F1980023.json,22,Deux Colonnes
F1980025.json,14,Deux Colonnes
F1980026.json,23,Deux Colonnes
F1980026.json,24,Deux Colonnes
F1980028.json,18,Deux Colonnes
F1980031.json,13,Deux Colonnes
F1980035.json,13,Deux Colonnes
F1980040.json,8,Ligne Horizontale (3+ layouts)
F1980041.json,4,Ligne Horizontale (3+ layouts)
F1980041.json,5,Ligne Horizontale (3+ layouts)
F1980041.json,6,Deux Colonnes
F1980041.json,27,Deux Colonnes
F1980044.json,15,Ligne Horizontale (3+ layouts)
F1980045.json,4,Deux Colonnes
F1980046.json,16,Deux Colonnes
F1980047.json,3,Deux Colonnes
F1980047.json,4,Deux Colonnes
F1980050.json,3,Deux Colonnes
F1980050.json,5,Deux Colonnes
F1980050.json,7,Deux Colonnes
F1980050.json,14,Deux Colonnes
F1980050.json,15,Deux Colonnes
F1980052.json,2,Deux Colonnes
F1980052.json,7,Deux Colonnes
F1980053.json,5,Deux Colonnes
F1980053.json,6,Deux Colonnes
F1980053.json,12,Deux Colonnes
F1980053.json,13,Deux Colonnes
F1981002.json,3,Deux Colonnes
F1981004.json,6,Deux Colonnes
F1981004.json,8,Deux Colonnes
F1981005.json,3,Deux Colonnes
F1981007.json,15,Deux Colonnes
F1981012.json,8,Deux Colonnes
F1981012.json,9,Deux Colonnes
F1981013.json,13,Deux Colonnes
F1981013.json,22,Deux Colonnes
F1981014.json,5,Deux Colonnes
F1981014.json,18,Deux Colonnes
F1981018.json,5,Deux Colonnes
F1981018.json,36,Deux Colonnes
F1981019.json,18,Deux Colonnes
F1981020.json,14,Deux Colonnes
F1981022.json,16,Deux Colonnes
F1981023.json,10,Deux Colonnes
F1981024.json,6,Deux Colonnes
F1981024.json,8,Deux Colonnes
F1981025.json,7,Deux Colonnes
F1981025.json,16,Deux Colonnes
F1981027.json,4,Deux Colonnes
F1981028.json,21,Deux Colonnes
F1981030.json,20,Deux Colonnes
F1981031.json,11,Deux Colonnes
F1981031.json,25,Deux Colonnes
F1981032.json,8,Deux Colonnes
F1981032.json,9,Deux Colonnes
F1981033.json,5,Deux Colonnes
F1981036.json,14,Deux Colonnes
F1981037.json,6,Deux Colonnes
F1981037.json,7,Deux Colonnes
F1981038.json,4,Deux Colonnes
F1981038.json,7,Deux Colonnes
F1981038.json,23,Deux Colonnes
F1981039.json,10,Deux Colonnes
F1981040.json,9,Deux Colonnes
F1981041.json,13,Deux Colonnes
F1981042.json,13,Deux Colonnes
F1981043.json,12,Deux Colonnes
F1981043.json,15,Deux Colonnes
F1981047.json,10,Deux Colonnes
F1981047.json,17,Deux Colonnes
F1981050.json,3,Deux Colonnes
F1981051.json,26,Deux Colonnes
F1981052.json,3,Deux Colonnes
F1981052.json,8,Deux Colonnes
F1981052.json,17,Deux Colonnes
F1981052.json,48,Deux Colonnes
F1982002.json,8,Deux Colonnes
F1982004.json,5,Deux Colonnes
F1982004.json,12,Deux Colonnes
F1982004.json,22,Deux Colonnes
F1982004.json,30,Deux Colonnes
F1982005.json,7,Deux Colonnes
F1982005.json,16,Deux Colonnes
F1982005.json,17,Deux Colonnes
F1982006.json,29,Deux Colonnes
F1982006.json,30,Deux Colonnes
F1982006.json,39,Deux Colonnes
F1982011.json,32,Deux Colonnes
F1982011.json,33,Deux Colonnes
F1982013.json,20,Deux Colonnes
F1982015.json,11,Deux Colonnes
F1982016.json,11,Deux Colonnes
F1982017.json,35,Deux Colonnes
F1982018.json,6,Ligne Horizontale (3+ layouts)
F1982018.json,7,Ligne Horizontale (3+ layouts)
F1982018.json,15,Deux Colonnes
F1982018.json,43,Deux Colonnes
F1982019.json,28,Deux Colonnes
F1982020.json,7,Deux Colonnes
F1982020.json,19,Deux Colonnes
F1982020.json,22,Deux Colonnes
F1982025.json,6,Deux Colonnes
F1982026.json,28,Deux Colonnes
F1982026.json,30,Deux Colonnes
F1982027.json,9,Deux Colonnes
F1982031.json,5,Deux Colonnes
F1982031.json,7,Deux Colonnes
F1982031.json,8,Deux Colonnes
F1982031.json,14,Deux Colonnes
F1982032.json,6,Deux Colonnes
F1982033.json,46,Deux Colonnes
F1982035.json,19,Deux Colonnes
F1982037.json,2,Deux Colonnes
F1982039.json,3,Deux Colonnes
F1982039.json,18,Deux Colonnes
F1982040.json,2,Deux Colonnes
F1982045.json,19,Deux Colonnes
F1982046.json,5,Deux Colonnes
F1982046.json,37,Deux Colonnes
F1982047.json,7,Deux Colonnes
F1982048.json,9,Deux Colonnes
F1982050.json,57,Deux Colonnes
F1982050.json,58,Deux Colonnes
F1982050.json,61,Deux Colonnes
F1982052.json,11,Ligne Horizontale (3+ layouts)
F1982052.json,11,Layouts Imbriqués
F1982052.json,12,Ligne Horizontale (3+ layouts)
F1982052.json,13,Layouts Imbriqués
F1982052.json,19,Ligne Horizontale (3+ layouts)
F1982052.json,33,Deux Colonnes
F1982053.json,57,Deux Colonnes
F1982053.json,58,Deux Colonnes
F1982053.json,59,Ligne Horizontale (3+ layouts)
F1982054.json,19,Deux Colonnes
F1982055.json,19,Deux Colonnes
F1982055.json,43,Deux Colonnes
F1983002.json,45,Deux Colonnes
F1983003.json,6,Deux Colonnes
F1983004.json,40,Deux Colonnes
F1983005.json,5,Deux Colonnes
F1983005.json,34,Deux Colonnes
F1983006.json,38,Deux Colonnes
F1983007.json,11,Deux Colonnes
F1983007.json,20,Deux Colonnes
F1983009.json,9,Deux Colonnes
F1983010.json,38,Deux Colonnes
F1983010.json,45,Deux Colonnes
F1983012.json,10,Deux Colonnes
F1983012.json,22,Deux Colonnes
F1983013.json,9,Deux Colonnes
F1983013.json,21,Deux Colonnes
F1983013.json,25,Deux Colonnes
F1983017.json,37,Deux Colonnes
F1983019.json,35,Deux Colonnes
F1983019.json,53,Deux Colonnes
F1983021.json,36,Deux Colonnes
F1983023.json,5,Deux Colonnes
F1983024.json,16,Deux Colonnes
F1983024.json,19,Deux Colonnes
F1983024.json,40,Deux Colonnes
F1983025.json,19,Deux Colonnes
F1983025.json,28,Deux Colonnes
F1983026.json,15,Deux Colonnes
F1983026.json,21,Deux Colonnes
F1983026.json,22,Deux Colonnes
F1983026.json,23,Deux Colonnes
F1983027.json,3,Ligne Horizontale (3+ layouts)
F1983035.json,39,Deux Colonnes
F1983036.json,33,Deux Colonnes
F1983036.json,39,Deux Colonnes
F1983040.json,21,Deux Colonnes
F1983040.json,25,Deux Colonnes
F1983040.json,33,Deux Colonnes
F1983040.json,39,Deux Colonnes
F1983041.json,17,Deux Colonnes
F1983041.json,19,Deux Colonnes
F1983041.json,36,Deux Colonnes
F1983041.json,38,Deux Colonnes
F1983042.json,21,Deux Colonnes
F1983042.json,37,Deux Colonnes
F1983042.json,38,Deux Colonnes
F1983043.json,13,Deux Colonnes
F1983043.json,19,Deux Colonnes
F1983044.json,22,Deux Colonnes
F1983044.json,29,Deux Colonnes
F1983046.json,4,Deux Colonnes
F1983046.json,25,Deux Colonnes
F1983046.json,49,Deux Colonnes
F1983046.json,55,Deux Colonnes
F1983048.json,38,Deux Colonnes
F1983048.json,43,Deux Colonnes
F1983048.json,59,Deux Colonnes
F1983049.json,7,Deux Colonnes
F1983049.json,33,Deux Colonnes
F1983049.json,41,Deux Colonnes
F1983049.json,42,Deux Colonnes
F1983049.json,45,Deux Colonnes
F1983050.json,19,Deux Colonnes
F1983051.json,4,Deux Colonnes
F1983051.json,35,Deux Colonnes
F1983053.json,6,Deux Colonnes
F1983053.json,13,Deux Colonnes
F1983054.json,14,Deux Colonnes
F1983055.json,7,Deux Colonnes
F1983055.json,9,Deux Colonnes
F1983055.json,24,Deux Colonnes
F1983055.json,33,Deux Colonnes
F1983056.json,5,Deux Colonnes
F1983056.json,76,Deux Colonnes
F1983056.json,87,Deux Colonnes
F1983056.json,101,Deux Colonnes
F1984001.json,3,Deux Colonnes
F1984001.json,9,Deux Colonnes
F1984001.json,12,Deux Colonnes
F1984002.json,15,Deux Colonnes
F1984006.json,28,Deux Colonnes
F1984009.json,7,Deux Colonnes
F1984009.json,17,Deux Colonnes
F1984010.json,6,Deux Colonnes
F1984010.json,7,Deux Colonnes
F1984011.json,6,Deux Colonnes
F1984011.json,23,Deux Colonnes
F1984012.json,4,Deux Colonnes
F1984013.json,3,Deux Colonnes
F1984013.json,4,Deux Colonnes
F1984013.json,5,Deux Colonnes
F1984015.json,22,Deux Colonnes
F1984016.json,3,Deux Colonnes
F1984016.json,7,Deux Colonnes
F1984019.json,21,Deux Colonnes
F1984020.json,10,Deux Colonnes
F1984020.json,12,Deux Colonnes
F1984022.json,4,Deux Colonnes
F1984023.json,3,Deux Colonnes
F1984023.json,5,Deux Colonnes
F1984023.json,6,Deux Colonnes
F1984023.json,25,Deux Colonnes
F1984025.json,4,Deux Colonnes
F1984025.json,7,Deux Colonnes
F1984025.json,14,Deux Colonnes
F1984025.json,15,Deux Colonnes
F1984026.json,22,Deux Colonnes
F1984028.json,20,Deux Colonnes
F1984028.json,24,Deux Colonnes
F1984028.json,29,Deux Colonnes
F1984031.json,13,Deux Colonnes
F1984032.json,4,Deux Colonnes
F1984033.json,9,Deux Colonnes
F1984034.json,20,Deux Colonnes
F1984035.json,3,Deux Colonnes
F1984035.json,5,Deux Colonnes
F1984036.json,3,Deux Colonnes
F1984036.json,17,Deux Colonnes
F1984037.json,14,Deux Colonnes
F1984038.json,11,Deux Colonnes
F1984039.json,5,Deux Colonnes
F1984040.json,3,Deux Colonnes
F1984040.json,5,Deux Colonnes
F1984040.json,6,Deux Colonnes
F1984040.json,8,Deux Colonnes
F1984042.json,17,Layouts Imbriqués
F1984042.json,24,Ligne Horizontale (3+ layouts)
F1984042.json,24,Layouts Imbriqués
F1984043.json,4,Ligne Horizontale (3+ layouts)
F1984045.json,5,Deux Colonnes
F1984045.json,7,Deux Colonnes
F1984045.json,10,Deux Colonnes
F1984046.json,5,Deux Colonnes
F1984048.json,4,Deux Colonnes
F1984048.json,9,Deux Colonnes
F1984048.json,10,Deux Colonnes
F1984049.json,3,Deux Colonnes
F1984049.json,4,Deux Colonnes
F1984050.json,12,Deux Colonnes
F1984051.json,4,Deux Colonnes
F1984055.json,6,Deux Colonnes
F1984057.json,2,Deux Colonnes
F1984057.json,6,Deux Colonnes
F1984057.json,9,Deux Colonnes
F1984071.json,7,Deux Colonnes
F1984072.json,6,Deux Colonnes
F1984072.json,11,Deux Colonnes
F1985003.json,5,Deux Colonnes
F1985003.json,7,Deux Colonnes
F1985007.json,8,Deux Colonnes
F1985010.json,14,Deux Colonnes
F1985011.json,9,Deux Colonnes
F1985011.json,10,Deux Colonnes
F1985011.json,12,Deux Colonnes
F1985012.json,12,Deux Colonnes
F1985013.json,6,Deux Colonnes
F1985015.json,6,Deux Colonnes
F1985015.json,9,Deux Colonnes
F1985015.json,12,Deux Colonnes
F1985015.json,13,Deux Colonnes
F1985018.json,21,Deux Colonnes
F1985020.json,11,Deux Colonnes
F1985021.json,10,Deux Colonnes
F1985021.json,18,Deux Colonnes
F1985022.json,6,Deux Colonnes
F1985022.json,7,Deux Colonnes
F1985022.json,9,Deux Colonnes
F1985022.json,17,Deux Colonnes
F1985022.json,18,Deux Colonnes
F1985022.json,21,Deux Colonnes
F1985022.json,23,Deux Colonnes
F1985022.json,27,Deux Colonnes
F1985022.json,28,Deux Colonnes
F1985022.json,29,Deux Colonnes
F1985022.json,33,Deux Colonnes
F1985022.json,35,Deux Colonnes
F1985022.json,36,Deux Colonnes
F1985022.json,37,Deux Colonnes
F1985023.json,5,Deux Colonnes
F1985023.json,7,Deux Colonnes
F1985025.json,19,Deux Colonnes
F1985025.json,31,Deux Colonnes
F1985026.json,5,Deux Colonnes
F1985026.json,17,Deux Colonnes
F1985027.json,3,Ligne Horizontale (3+ layouts)
F1985027.json,10,Deux Colonnes
F1985028.json,7,Deux Colonnes
F1985030.json,8,Deux Colonnes
F1985033.json,10,Deux Colonnes
F1985033.json,12,Deux Colonnes
F1985033.json,14,Deux Colonnes
F1985033.json,15,Deux Colonnes
F1985033.json,18,Deux Colonnes
F1985033.json,19,Deux Colonnes
F1985033.json,20,Deux Colonnes
F1985033.json,22,Deux Colonnes
F1985033.json,23,Deux Colonnes
F1985033.json,25,Deux Colonnes
F1985033.json,27,Deux Colonnes
F1985033.json,30,Deux Colonnes
F1985035.json,29,Deux Colonnes
F1985036.json,34,Deux Colonnes
F1985037.json,19,Deux Colonnes
F1985038.json,15,Deux Colonnes
F1985039.json,6,Deux Colonnes
F1985040.json,11,Deux Colonnes
F1985040.json,12,Deux Colonnes
F1985040.json,26,Deux Colonnes
F1985040.json,29,Deux Colonnes
F1985041.json,11,Deux Colonnes
F1985042.json,4,Deux Colonnes
F1985042.json,9,Deux Colonnes
F1985043.json,6,Deux Colonnes
F1985043.json,9,Deux Colonnes
F1985043.json,11,Deux Colonnes
F1985044.json,5,Deux Colonnes
F1985045.json,12,Deux Colonnes
F1985046.json,14,Deux Colonnes
F1985047.json,17,Deux Colonnes
F1985047.json,19,Deux Colonnes
F1985048.json,9,Deux Colonnes
F1985050.json,5,Deux Colonnes
F1985050.json,6,Deux Colonnes
F1985051.json,13,Deux Colonnes
F1985051.json,14,Deux Colonnes
F1985051.json,17,Deux Colonnes
F1985051.json,20,Deux Colonnes
F1985052.json,7,Deux Colonnes
F1985053.json,5,Deux Colonnes
F1985053.json,8,Deux Colonnes
F1985053.json,19,Deux Colonnes
F1985053.json,27,Deux Colonnes
F1985054.json,3,Deux Colonnes
F1985054.json,17,Deux Colonnes
F1985056.json,4,Deux Colonnes
F1985056.json,18,Deux Colonnes
F1986003.json,7,Ligne Horizontale (3+ layouts)
F1986003.json,8,Ligne Horizontale (3+ layouts)
F1986004.json,12,Deux Colonnes
F1986008.json,5,Deux Colonnes
F1986008.json,7,Deux Colonnes
F1986012.json,12,Deux Colonnes
F1986012.json,20,Deux Colonnes
F1986012.json,22,Deux Colonnes
F1986013.json,13,Deux Colonnes
F1986013.json,16,Deux Colonnes
F1986014.json,20,Deux Colonnes
F1986014.json,21,Deux Colonnes
F1986014.json,26,Deux Colonnes
F1986015.json,11,Deux Colonnes
F1986016.json,1,Deux Colonnes
F1986016.json,20,Deux Colonnes
F1986016.json,24,Deux Colonnes
F1986018.json,16,Deux Colonnes
F1986019.json,3,Deux Colonnes
F1986021.json,8,Deux Colonnes
F1986022.json,11,Deux Colonnes
F1986023.json,21,Deux Colonnes
F1986024.json,13,Deux Colonnes
F1986024.json,19,Deux Colonnes
F1986025.json,36,Deux Colonnes
F1986026.json,5,Deux Colonnes
F1986027.json,5,Deux Colonnes
F1986028.json,9,Deux Colonnes
F1986029.json,2,Deux Colonnes
F1986034.json,3,Deux Colonnes
F1986034.json,28,Deux Colonnes
F1986036.json,17,Deux Colonnes
F1986037.json,7,Deux Colonnes
F1986037.json,8,Deux Colonnes
F1986040.json,14,Deux Colonnes
F1986042.json,9,Deux Colonnes
F1986043.json,11,Deux Colonnes
F1986043.json,13,Deux Colonnes
F1986043.json,14,Deux Colonnes
F1986043.json,15,Deux Colonnes
F1986044.json,16,Deux Colonnes
F1986045.json,18,Ligne Horizontale (3+ layouts)
F1986045.json,19,Ligne Horizontale (3+ layouts)
F1986045.json,20,Ligne Horizontale (3+ layouts)
F1986048.json,10,Deux Colonnes
F1986048.json,15,Ligne Horizontale (3+ layouts)
F1986048.json,17,Deux Colonnes
F1986049.json,9,Deux Colonnes
F1986049.json,16,Deux Colonnes
F1986050.json,11,Deux Colonnes
F1986050.json,12,Deux Colonnes
F1986050.json,13,Deux Colonnes
F1986050.json,43,Deux Colonnes
F1986051.json,5,Deux Colonnes
F1986051.json,6,Deux Colonnes
F1986051.json,8,Deux Colonnes
F1986051.json,10,Deux Colonnes
F1986051.json,12,Deux Colonnes
F1986051.json,31,Deux Colonnes
F1986051.json,34,Ligne Horizontale (3+ layouts)
F1986052.json,22,Deux Colonnes
F1986052.json,27,Deux Colonnes
F1986053.json,14,Deux Colonnes
F1986053.json,31,Deux Colonnes
F1986054.json,17,Deux Colonnes
F1986054.json,18,Deux Colonnes
F1986055.json,3,Deux Colonnes
F1986055.json,10,Deux Colonnes
F1986055.json,11,Deux Colonnes
F1986055.json,16,Deux Colonnes
F1987001.json,8,Deux Colonnes
F1987001.json,13,Deux Colonnes
F1987001.json,14,Deux Colonnes
F1987001.json,15,Deux Colonnes
F1987001.json,17,Deux Colonnes
F1987001.json,18,Deux Colonnes
F1987002.json,18,Deux Colonnes
F1987002.json,20,Deux Colonnes
F1987002.json,22,Deux Colonnes
F1987003.json,14,Deux Colonnes
F1987003.json,16,Deux Colonnes
F1987003.json,17,Deux Colonnes
F1987003.json,18,Deux Colonnes
F1987006.json,13,Deux Colonnes
F1987010.json,7,Deux Colonnes
F1987014.json,21,Deux Colonnes
F1987015.json,12,Deux Colonnes
F1987015.json,17,Deux Colonnes
F1987015.json,18,Deux Colonnes
F1987016.json,12,Deux Colonnes
F1987017.json,7,Deux Colonnes
F1987017.json,22,Deux Colonnes
F1987020.json,13,Deux Colonnes
F1987025.json,37,Deux Colonnes
F1987026.json,8,Deux Colonnes
F1987026.json,11,Deux Colonnes
F1987031.json,10,Deux Colonnes
F1987034.json,20,Deux Colonnes
F1987037.json,18,Deux Colonnes
F1987037.json,19,Deux Colonnes
F1987037.json,20,Deux Colonnes
F1987038.json,6,Deux Colonnes
F1987038.json,8,Deux Colonnes
F1987041.json,19,Ligne Horizontale (3+ layouts)
F1987043.json,13,Deux Colonnes
F1987043.json,16,Ligne Horizontale (3+ layouts)
F1987045.json,11,Deux Colonnes
F1987046.json,16,Ligne Horizontale (3+ layouts)
F1987046.json,17,Ligne Horizontale (3+ layouts)
F1987046.json,18,Ligne Horizontale (3+ layouts)
F1987047.json,7,Deux Colonnes
F1987048.json,12,Deux Colonnes
F1987048.json,29,Deux Colonnes
F1987050.json,22,Deux Colonnes
F1987051.json,31,Ligne Horizontale (3+ layouts)
F1987051.json,31,Layouts Imbriqués
F1987051.json,38,Ligne Horizontale (3+ layouts)
F1987051.json,38,Layouts Imbriqués
F1987054.json,19,Deux Colonnes
F1987054.json,20,Deux Colonnes
F1988001.json,8,Deux Colonnes
F1988005.json,20,Deux Colonnes
F1988005.json,31,Deux Colonnes
F1988006.json,26,Deux Colonnes
F1988006.json,32,Deux Colonnes
F1988006.json,35,Deux Colonnes
F1988006.json,43,Deux Colonnes
F1988006.json,44,Deux Colonnes
F1988009.json,23,Ligne Horizontale (3+ layouts)
F1988011.json,16,Deux Colonnes
F1988014.json,8,Deux Colonnes
F1988023.json,5,Ligne Horizontale (3+ layouts)
F1988032.json,5,Deux Colonnes
F1988033.json,9,Deux Colonnes
F1988033.json,10,Deux Colonnes
F1988042.json,17,Deux Colonnes
F1988043.json,14,Deux Colonnes
F1988043.json,26,Deux Colonnes
F1988044.json,19,Deux Colonnes
F1988047.json,8,Deux Colonnes
F1989002.json,6,Deux Colonnes
F1989023.json,4,Deux Colonnes
F1989023.json,12,Deux Colonnes
F1989024.json,9,Deux Colonnes
F1989025.json,18,Deux Colonnes
F1989027.json,12,Deux Colonnes
F1989030.json,11,Deux Colonnes
F1989031.json,20,Deux Colonnes
F1989038.json,8,Deux Colonnes
F1989046.json,20,Deux Colonnes
F1990004.json,22,Ligne Horizontale (3+ layouts)
F1990004.json,23,Ligne Horizontale (3+ layouts)
F1990008.json,25,Deux Colonnes
F1990016.json,34,Deux Colonnes
F1990019.json,9,Deux Colonnes
F1990019.json,24,Deux Colonnes
F1990021.json,17,Ligne Horizontale (3+ layouts)
F1990022.json,22,Deux Colonnes
F1990026.json,15,Deux Colonnes
F1990028.json,12,Deux Colonnes
F1990028.json,18,Deux Colonnes
F1990029.json,15,Deux Colonnes
F1990029.json,17,Deux Colonnes
F1990029.json,19,Deux Colonnes
F1990029.json,21,Deux Colonnes
F1990030.json,26,Deux Colonnes
F1990031.json,13,Deux Colonnes
F1990035.json,16,Deux Colonnes
F1990038.json,11,Deux Colonnes
F1990039.json,12,Deux Colonnes
F1990040.json,13,Deux Colonnes
F1990040.json,14,Deux Colonnes
F1990050.json,6,Deux Colonnes
F1990054.json,8,Deux Colonnes
F1990055.json,13,Deux Colonnes
F1990056.json,16,Deux Colonnes
F1991008.json,32,Ligne Horizontale (3+ layouts)
F1991008.json,33,Ligne Horizontale (3+ layouts)
F1991009.json,22,Deux Colonnes
F1991012.json,14,Deux Colonnes
F1991016.json,14,Deux Colonnes
F1991016.json,19,Deux Colonnes
F1991017.json,9,Deux Colonnes
F1991017.json,13,Deux Colonnes
F1991020.json,21,Deux Colonnes
F1991023.json,29,Ligne Horizontale (3+ layouts)
F1991024.json,14,Deux Colonnes
F1991024.json,15,Deux Colonnes
F1991024.json,17,Deux Colonnes
F1991024.json,18,Deux Colonnes
F1991026.json,35,Deux Colonnes
F1991028.json,12,Deux Colonnes
F1991028.json,13,Deux Colonnes
F1991030.json,2,Deux Colonnes
F1991030.json,4,Deux Colonnes
F1991032.json,10,Deux Colonnes
F1991032.json,19,Deux Colonnes
F1991035.json,49,Deux Colonnes
F1991046.json,19,Deux Colonnes
F1991053.json,19,Deux Colonnes
F1991054.json,19,Deux Colonnes
F1991055.json,9,Deux Colonnes
F1991058.json,11,Deux Colonnes
F1991059.json,9,Deux Colonnes
F1991061.json,3,Deux Colonnes
F1991061.json,4,Deux Colonnes
F1991064.json,21,Deux Colonnes
F1991066.json,34,Deux Colonnes
F1991066.json,35,Deux Colonnes
F1991067.json,32,Deux Colonnes
F1991067.json,35,Deux Colonnes
F1991068.json,28,Deux Colonnes
F1991068.json,32,Deux Colonnes
F1991068.json,35,Ligne Horizontale (3+ layouts)
F1991068.json,36,Ligne Horizontale (3+ layouts)
F1991070.json,13,Deux Colonnes
F1992002.json,24,Deux Colonnes
F1992002.json,26,Deux Colonnes
F1992004.json,10,Deux Colonnes
F1992005.json,16,Deux Colonnes
F1992012.json,6,Deux Colonnes
F1992012.json,9,Deux Colonnes
F1992013.json,13,Deux Colonnes
F1992015.json,9,Deux Colonnes
F1992015.json,11,Deux Colonnes
F1992016.json,12,Deux Colonnes
F1992031.json,16,Deux Colonnes
F1992034.json,10,Deux Colonnes
F1992037.json,11,Deux Colonnes
F1992038.json,4,Deux Colonnes
F1992039.json,12,Deux Colonnes
F1992039.json,13,Deux Colonnes
F1992041.json,14,Deux Colonnes
F1992052.json,27,Deux Colonnes
F1992053.json,25,Deux Colonnes
F1992056.json,9,Deux Colonnes
F1992056.json,14,Deux Colonnes
F1992066.json,5,Deux Colonnes
F1992068.json,20,Deux Colonnes
F1992069.json,7,Deux Colonnes
F1992075.json,6,Deux Colonnes
F1992085.json,5,Ligne Horizontale (3+ layouts)
F1992085.json,6,Ligne Horizontale (3+ layouts)
F1992085.json,7,Ligne Horizontale (3+ layouts)
F1992088.json,2,Deux Colonnes
F1992089.json,12,Deux Colonnes
F1992089.json,14,Deux Colonnes
F1992091.json,12,Deux Colonnes
F1992092.json,12,Deux Colonnes
F1993003.json,8,Deux Colonnes
F1993005.json,1,Deux Colonnes
F1993006.json,2,Deux Colonnes
F1993007.json,4,Deux Colonnes
F1993007.json,5,Deux Colonnes
F1993015.json,2,Deux Colonnes
F1993016.json,5,Ligne Horizontale (3+ layouts)
F1993016.json,6,Ligne Horizontale (3+ layouts)
F1993018.json,1,Deux Colonnes
F1993021.json,1,Deux Colonnes
F1993022.json,24,Ligne Horizontale (3+ layouts)
F1993028.json,2,Deux Colonnes
F1993028.json,4,Deux Colonnes
F1993029.json,8,Deux Colonnes
F1993032.json,10,Deux Colonnes
F1993042.json,18,Deux Colonnes
F1993045.json,8,Deux Colonnes
F1993046.json,13,Deux Colonnes
F1993047.json,21,Deux Colonnes
F1993047.json,22,Deux Colonnes
F1993048.json,11,Deux Colonnes
F1993048.json,12,Deux Colonnes
F1993049.json,17,Deux Colonnes
F1993050.json,1,Deux Colonnes
F1993050.json,12,Deux Colonnes
F1993050.json,14,Deux Colonnes
F1993051.json,27,Deux Colonnes
F1993069.json,17,Deux Colonnes
F1993074.json,2,Deux Colonnes
F1993076.json,8,Deux Colonnes
F1993079.json,14,Deux Colonnes
F1993080.json,3,Deux Colonnes
F1993080.json,11,Deux Colonnes
F1993081.json,1,Deux Colonnes
F1993083.json,20,Deux Colonnes
F1994005.json,12,Deux Colonnes
F1994015.json,7,Deux Colonnes
F1994025.json,9,Ligne Horizontale (3+ layouts)
F1994025.json,10,Ligne Horizontale (3+ layouts)
F1994025.json,11,Ligne Horizontale (3+ layouts)
F1994028.json,1,Deux Colonnes
F1994040.json,1,Deux Colonnes
F1994051.json,2,Deux Colonnes
F1994052.json,15,Deux Colonnes
F1994054.json,24,Deux Colonnes
F1994058.json,18,Deux Colonnes
F1994060.json,13,Ligne Horizontale (3+ layouts)
F1994069.json,1,Deux Colonnes
F1994070.json,16,Deux Colonnes
F1994079.json,12,Deux Colonnes
F1994082.json,1,Deux Colonnes
F1994082.json,13,Deux Colonnes
F1994083.json,12,Deux Colonnes
F1994084.json,13,Deux Colonnes
F1994084.json,14,Ligne Horizontale (3+ layouts)
F1994084.json,15,Ligne Horizontale (3+ layouts)
F1994084.json,16,Ligne Horizontale (3+ layouts)
F1994084.json,17,Ligne Horizontale (3+ layouts)
F1994084.json,18,Ligne Horizontale (3+ layouts)
F1995007.json,25,Deux Colonnes
F1995009.json,1,Deux Colonnes
F1995009.json,24,Deux Colonnes
F1995011.json,1,Deux Colonnes
F1995012.json,20,Deux Colonnes
F1995016.json,16,Deux Colonnes
F1995017.json,3,Deux Colonnes
F1995018.json,18,Deux Colonnes
F1995021.json,9,Deux Colonnes
F1995023.json,10,Deux Colonnes
F1995025.json,10,Ligne Horizontale (3+ layouts)
F1995025.json,18,Ligne Horizontale (3+ layouts)
F1995034.json,1,Deux Colonnes
F1995034.json,15,Deux Colonnes
F1995035.json,1,Deux Colonnes
F1995047.json,15,Deux Colonnes
F1995061.json,15,Deux Colonnes
F1995061.json,16,Deux Colonnes
F1995063.json,17,Ligne Horizontale (3+ layouts)
F1995064.json,8,Deux Colonnes
F1995082.json,18,Deux Colonnes
F1996002.json,56,Deux Colonnes
F1996002.json,106,Deux Colonnes
F1996006.json,1,Deux Colonnes
F1996006.json,14,Ligne Horizontale (3+ layouts)
F1996006.json,15,Ligne Horizontale (3+ layouts)
F1996006.json,16,Ligne Horizontale (3+ layouts)
F1996006.json,17,Ligne Horizontale (3+ layouts)
F1996008.json,1,Deux Colonnes
F1996011.json,2,Deux Colonnes
F1996011.json,10,Deux Colonnes
F1996018.json,15,Deux Colonnes
F1996019.json,11,Deux Colonnes
F1996021.json,3,Deux Colonnes
F1996028.json,1,Deux Colonnes
F1996029.json,2,Deux Colonnes
F1996034.json,17,Ligne Horizontale (3+ layouts)
F1996034.json,18,Ligne Horizontale (3+ layouts)
F1996041.json,18,Deux Colonnes
F1996044.json,22,Deux Colonnes
F1996045.json,37,Deux Colonnes
F1996046.json,25,Deux Colonnes
F1996050.json,17,Deux Colonnes
F1996051.json,20,Deux Colonnes
F1996051.json,22,Deux Colonnes
F1996055.json,15,Deux Colonnes
F1996056.json,2,Deux Colonnes
F1996062.json,1,Deux Colonnes
F1996066.json,1,Deux Colonnes
F1996067.json,1,Deux Colonnes
F1996085.json,1,Deux Colonnes
F1997005.json,15,Ligne Horizontale (3+ layouts)
F1997005.json,16,Ligne Horizontale (3+ layouts)
F1997005.json,17,Ligne Horizontale (3+ layouts)
F1997010.json,2,Deux Colonnes
F1997014.json,19,Ligne Horizontale (3+ layouts)
F1997016.json,17,Deux Colonnes
F1997016.json,33,Deux Colonnes
F1997018.json,3,Deux Colonnes
F1997018.json,29,Deux Colonnes
F1997029.json,20,Ligne Horizontale (3+ layouts)
F1997030.json,2,Deux Colonnes
F1997048.json,20,Deux Colonnes
F1997057.json,2,Deux Colonnes
F1997060.json,2,Deux Colonnes
F1997070.json,2,Deux Colonnes
F1997071.json,2,Deux Colonnes
F1997071.json,36,Ligne Horizontale (3+ layouts)
F1997071.json,37,Ligne Horizontale (3+ layouts)
F1997075.json,24,Ligne Horizontale (3+ layouts)
F1997075.json,26,Ligne Horizontale (3+ layouts)
F1997075.json,27,Ligne Horizontale (3+ layouts)
F1997075.json,28,Ligne Horizontale (3+ layouts)
F1997077.json,21,Ligne Horizontale (3+ layouts)
F1997077.json,22,Ligne Horizontale (3+ layouts)
F1997077.json,23,Ligne Horizontale (3+ layouts)
F1997077.json,26,Deux Colonnes
F1997078.json,9,Deux Colonnes
F1997079.json,29,Ligne Horizontale (3+ layouts)
F1997081.json,34,Ligne Horizontale (3+ layouts)
F1997081.json,35,Ligne Horizontale (3+ layouts)
F1997081.json,36,Ligne Horizontale (3+ layouts)
F1997081.json,37,Ligne Horizontale (3+ layouts)
F1997081.json,38,Ligne Horizontale (3+ layouts)
F1997081.json,39,Ligne Horizontale (3+ layouts)
F1997083.json,18,Deux Colonnes
F1997084.json,20,Deux Colonnes
F1997088.json,1,Deux Colonnes
F1998015.json,6,Deux Colonnes
F1998020.json,22,Ligne Horizontale (3+ layouts)
F1998022.json,4,Deux Colonnes
F1998024.json,11,Deux Colonnes
F1998026.json,16,Deux Colonnes
F1998033.json,15,Deux Colonnes
F1998034.json,15,Deux Colonnes
F1998038.json,10,Deux Colonnes
F1998066.json,12,Ligne Horizontale (3+ layouts)
F1998066.json,16,Ligne Horizontale (3+ layouts)
F1998066.json,19,Ligne Horizontale (3+ layouts)
F1998085.json,11,Deux Colonnes
F1998085.json,12,Ligne Horizontale (3+ layouts)
F1998085.json,13,Ligne Horizontale (3+ layouts)
F1998085.json,14,Ligne Horizontale (3+ layouts)
F1998091.json,8,Deux Colonnes
F1999011.json,8,Deux Colonnes
F1999029.json,1,Deux Colonnes
F1999031.json,15,Ligne Horizontale (3+ layouts)
F1999034.json,1,Deux Colonnes
F1999063.json,5,Ligne Horizontale (3+ layouts)
F1999063.json,6,Ligne Horizontale (3+ layouts)
F1999063.json,16,Ligne Horizontale (3+ layouts)
F1999077.json,8,Ligne Horizontale (3+ layouts)
F1999077.json,9,Ligne Horizontale (3+ layouts)
F1999078.json,13,Ligne Horizontale (3+ layouts)
F1999078.json,14,Ligne Horizontale (3+ layouts)
F1999078.json,15,Ligne Horizontale (3+ layouts)
F1999078.json,16,Ligne Horizontale (3+ layouts)
F1999078.json,17,Ligne Horizontale (3+ layouts)
F1999078.json,18,Ligne Horizontale (3+ layouts)
F1999080.json,11,Ligne Horizontale (3+ layouts)
F1999080.json,14,Ligne Horizontale (3+ layouts)
F1999086.json,18,Ligne Horizontale (3+ layouts)
F1999086.json,19,Ligne Horizontale (3+ layouts)
F1999086.json,20,Ligne Horizontale (3+ layouts)
F1999091.json,6,Ligne Horizontale (3+ layouts)
F2000001.json,9,Deux Colonnes
F2000001.json,14,Deux Colonnes
F2000010.json,14,Ligne Horizontale (3+ layouts)
F2000027.json,4,Ligne Horizontale (3+ layouts)
F2000032.json,5,Deux Colonnes
F2000067.json,13,Ligne Horizontale (3+ layouts)
F2000067.json,14,Ligne Horizontale (3+ layouts)
F2000067.json,15,Ligne Horizontale (3+ layouts)
F2000067.json,17,Ligne Horizontale (3+ layouts)
F2000072.json,21,Ligne Horizontale (3+ layouts)
F2000072.json,22,Ligne Horizontale (3+ layouts)
F2000074.json,15,Ligne Horizontale (3+ layouts)
F2000074.json,16,Ligne Horizontale (3+ layouts)
F2001001.json,22,Deux Colonnes
F2001008.json,9,Ligne Horizontale (3+ layouts)
F2001008.json,10,Ligne Horizontale (3+ layouts)
F2001008.json,11,Ligne Horizontale (3+ layouts)
F2001008.json,12,Ligne Horizontale (3+ layouts)
F2001008.json,13,Ligne Horizontale (3+ layouts)
F2001008.json,14,Ligne Horizontale (3+ layouts)
F2001010.json,8,Ligne Horizontale (3+ layouts)
F2001025.json,17,Ligne Horizontale (3+ layouts)
F2001044.json,22,Ligne Horizontale (3+ layouts)
F2001051.json,13,Deux Colonnes
F2001055.json,19,Deux Colonnes
F2001063.json,3,Ligne Horizontale (3+ layouts)
F2001076.json,2,Ligne Horizontale (3+ layouts)
F2002002.json,13,Ligne Horizontale (3+ layouts)
F2002002.json,14,Ligne Horizontale (3+ layouts)
F2002002.json,15,Ligne Horizontale (3+ layouts)
F2002002.json,16,Ligne Horizontale (3+ layouts)
F2002002.json,17,Ligne Horizontale (3+ layouts)
F2002002.json,18,Ligne Horizontale (3+ layouts)
F2002002.json,19,Ligne Horizontale (3+ layouts)
F2002007.json,5,Deux Colonnes
F2002032.json,4,Deux Colonnes
F2002032.json,5,Deux Colonnes
F2002035.json,13,Ligne Horizontale (3+ layouts)
F2002038.json,29,Deux Colonnes
F2002041.json,6,Deux Colonnes
F2002041.json,8,Deux Colonnes
F2002044.json,19,Deux Colonnes
F2002048.json,13,Deux Colonnes
F2002051.json,10,Deux Colonnes
F2002055.json,16,Ligne Horizontale (3+ layouts)
F2002055.json,19,Ligne Horizontale (3+ layouts)
F2002056.json,12,Deux Colonnes
F2002057.json,16,Deux Colonnes
F2002060.json,14,Ligne Horizontale (3+ layouts)
F2002063.json,15,Ligne Horizontale (3+ layouts)
F2002064.json,9,Ligne Horizontale (3+ layouts)
F2002065.json,10,Ligne Horizontale (3+ layouts)
F2002067.json,29,Deux Colonnes
F2002070.json,11,Ligne Horizontale (3+ layouts)
F2002074.json,15,Deux Colonnes
F2002083.json,16,Ligne Horizontale (3+ layouts)
F2002083.json,17,Ligne Horizontale (3+ layouts)
F2002083.json,18,Ligne Horizontale (3+ layouts)
F2002083.json,19,Ligne Horizontale (3+ layouts)
F2002083.json,20,Ligne Horizontale (3+ layouts)
F2002083.json,21,Ligne Horizontale (3+ layouts)
F2002083.json,22,Ligne Horizontale (3+ layouts)
F2002083.json,23,Ligne Horizontale (3+ layouts)
F2003005.json,6,Deux Colonnes
F2003005.json,15,Deux Colonnes
F2003006.json,18,Deux Colonnes
F2003007.json,12,Deux Colonnes
F2003010.json,19,Deux Colonnes
F2003018.json,19,Ligne Horizontale (3+ layouts)
F2003050.json,20,Deux Colonnes
F2003064.json,17,Ligne Horizontale (3+ layouts)
F2003066.json,14,Ligne Horizontale (3+ layouts)
F2003071.json,20,Ligne Horizontale (3+ layouts)
F2003072.json,17,Ligne Horizontale (3+ layouts)
F2003077.json,24,Ligne Horizontale (3+ layouts)
F2003077.json,25,Ligne Horizontale (3+ layouts)
F2003081.json,12,Deux Colonnes
F2004003.json,15,Ligne Horizontale (3+ layouts)
F2004003.json,16,Ligne Horizontale (3+ layouts)
F2004003.json,17,Ligne Horizontale (3+ layouts)
F2004003.json,18,Ligne Horizontale (3+ layouts)
F2004003.json,19,Ligne Horizontale (3+ layouts)
F2004003.json,20,Ligne Horizontale (3+ layouts)
F2004010.json,4,Deux Colonnes
F2004010.json,10,Ligne Horizontale (3+ layouts)
F2004016.json,8,Ligne Horizontale (3+ layouts)
F2004019.json,18,Ligne Horizontale (3+ layouts)
F2004022.json,12,Ligne Horizontale (3+ layouts)
F2004030.json,21,Ligne Horizontale (3+ layouts)
F2004036.json,14,Deux Colonnes
F2004039.json,15,Ligne Horizontale (3+ layouts)
F2004040.json,8,Ligne Horizontale (3+ layouts)
F2004040.json,10,Ligne Horizontale (3+ layouts)
F2004046.json,16,Ligne Horizontale (3+ layouts)
F2004047.json,10,Deux Colonnes
F2004052.json,23,Deux Colonnes
F2004060.json,14,Deux Colonnes
F2004063.json,17,Ligne Horizontale (3+ layouts)
F2004064.json,21,Deux Colonnes
F2004066.json,13,Deux Colonnes
F2004066.json,15,Deux Colonnes
F2004079.json,15,Ligne Horizontale (3+ layouts)
F2004080.json,13,Ligne Horizontale (3+ layouts)
F2004080.json,16,Ligne Horizontale (3+ layouts)
F2004080.json,17,Ligne Horizontale (3+ layouts)
F2004080.json,18,Ligne Horizontale (3+ layouts)
F2004080.json,19,Ligne Horizontale (3+ layouts)
F2004080.json,20,Ligne Horizontale (3+ layouts)
F2004080.json,21,Ligne Horizontale (3+ layouts)
F2004080.json,22,Ligne Horizontale (3+ layouts)
F2004080.json,23,Ligne Horizontale (3+ layouts)
F2004080.json,24,Ligne Horizontale (3+ layouts)
F2004080.json,25,Ligne Horizontale (3+ layouts)
F2004084.json,26,Ligne Horizontale (3+ layouts)
F2005010.json,14,Ligne Horizontale (3+ layouts)
F2005017.json,13,Ligne Horizontale (3+ layouts)
F2005017.json,15,Ligne Horizontale (3+ layouts)
F2005017.json,16,Ligne Horizontale (3+ layouts)
F2005017.json,17,Ligne Horizontale (3+ layouts)
F2005017.json,19,Ligne Horizontale (3+ layouts)
F2005017.json,22,Ligne Horizontale (3+ layouts)
F2005026.json,25,Ligne Horizontale (3+ layouts)
F2005028.json,22,Ligne Horizontale (3+ layouts)
F2005028.json,26,Ligne Horizontale (3+ layouts)
F2005028.json,34,Ligne Horizontale (3+ layouts)
F2005028.json,35,Ligne Horizontale (3+ layouts)
F2005028.json,38,Ligne Horizontale (3+ layouts)
F2005028.json,40,Ligne Horizontale (3+ layouts)
F2005028.json,44,Ligne Horizontale (3+ layouts)
F2005028.json,52,Ligne Horizontale (3+ layouts)
F2005034.json,27,Deux Colonnes
F2005041.json,10,Ligne Horizontale (3+ layouts)
F2005054.json,15,Ligne Horizontale (3+ layouts)
F2005054.json,16,Ligne Horizontale (3+ layouts)
F2005054.json,18,Ligne Horizontale (3+ layouts)
F2005076.json,4,Ligne Horizontale (3+ layouts)
F2005080.json,21,Ligne Horizontale (3+ layouts)
F2005080.json,22,Ligne Horizontale (3+ layouts)
F2006003.json,6,Ligne Horizontale (3+ layouts)
F2006003.json,17,Ligne Horizontale (3+ layouts)
F2006003.json,19,Ligne Horizontale (3+ layouts)
F2006003.json,20,Ligne Horizontale (3+ layouts)
F2006003.json,26,Ligne Horizontale (3+ layouts)
F2006003.json,27,Ligne Horizontale (3+ layouts)
F2006016.json,18,Ligne Horizontale (3+ layouts)
F2006022.json,19,Ligne Horizontale (3+ layouts)
F2006022.json,20,Ligne Horizontale (3+ layouts)
F2006023.json,12,Ligne Horizontale (3+ layouts)
F2006025.json,11,Deux Colonnes
F2006028.json,9,Ligne Horizontale (3+ layouts)
F2006028.json,11,Ligne Horizontale (3+ layouts)
F2006028.json,12,Ligne Horizontale (3+ layouts)
F2006028.json,13,Ligne Horizontale (3+ layouts)
F2006028.json,14,Ligne Horizontale (3+ layouts)
F2006028.json,15,Ligne Horizontale (3+ layouts)
F2006028.json,16,Ligne Horizontale (3+ layouts)
F2006028.json,18,Ligne Horizontale (3+ layouts)
F2006028.json,20,Ligne Horizontale (3+ layouts)
F2006028.json,22,Ligne Horizontale (3+ layouts)
F2006028.json,23,Ligne Horizontale (3+ layouts)
F2006028.json,24,Ligne Horizontale (3+ layouts)
F2006028.json,25,Ligne Horizontale (3+ layouts)
F2006028.json,27,Ligne Horizontale (3+ layouts)
F2006028.json,28,Ligne Horizontale (3+ layouts)
F2006028.json,31,Ligne Horizontale (3+ layouts)
F2006028.json,32,Ligne Horizontale (3+ layouts)
F2006051.json,18,Ligne Horizontale (3+ layouts)
F2006052.json,23,Ligne Horizontale (3+ layouts)
F2006056.json,23,Ligne Horizontale (3+ layouts)
F2006077.json,53,Ligne Horizontale (3+ layouts)
F2006082.json,16,Ligne Horizontale (3+ layouts)
F2006083.json,18,Ligne Horizontale (3+ layouts)
F2006083.json,21,Ligne Horizontale (3+ layouts)
F2006083.json,22,Ligne Horizontale (3+ layouts)
F2006083.json,24,Ligne Horizontale (3+ layouts)
F2006083.json,25,Ligne Horizontale (3+ layouts)
F2006083.json,27,Ligne Horizontale (3+ layouts)
F2006083.json,31,Ligne Horizontale (3+ layouts)
F2006083.json,33,Ligne Horizontale (3+ layouts)
F2006084.json,31,Ligne Horizontale (3+ layouts)
F2007043.json,20,Deux Colonnes
F2007044.json,10,Ligne Horizontale (3+ layouts)
F2007050.json,98,Deux Colonnes
F2007051.json,3,Deux Colonnes
F2007051.json,24,Ligne Horizontale (3+ layouts)
F2007056.json,12,Ligne Horizontale (3+ layouts)
F2007056.json,14,Ligne Horizontale (3+ layouts)
F2007056.json,19,Ligne Horizontale (3+ layouts)
F2007056.json,20,Ligne Horizontale (3+ layouts)
F2007056.json,24,Ligne Horizontale (3+ layouts)
F2007056.json,26,Ligne Horizontale (3+ layouts)
F2007056.json,27,Ligne Horizontale (3+ layouts)
F2007056.json,28,Ligne Horizontale (3+ layouts)
F2007056.json,29,Ligne Horizontale (3+ layouts)
F2007056.json,30,Ligne Horizontale (3+ layouts)
F2007056.json,31,Ligne Horizontale (3+ layouts)
F2007056.json,32,Deux Colonnes
F2007056.json,36,Ligne Horizontale (3+ layouts)
F2007056.json,37,Ligne Horizontale (3+ layouts)
F2007056.json,38,Ligne Horizontale (3+ layouts)
F2007056.json,40,Ligne Horizontale (3+ layouts)
F2007056.json,41,Ligne Horizontale (3+ layouts)
F2007056.json,45,Ligne Horizontale (3+ layouts)
F2007056.json,46,Ligne Horizontale (3+ layouts)
F2007056.json,47,Ligne Horizontale (3+ layouts)
F2007056.json,49,Ligne Horizontale (3+ layouts)
F2007056.json,51,Ligne Horizontale (3+ layouts)
F2007056.json,52,Ligne Horizontale (3+ layouts)
F2007056.json,53,Ligne Horizontale (3+ layouts)
F2007056.json,54,Ligne Horizontale (3+ layouts)
F2007056.json,55,Ligne Horizontale (3+ layouts)
F2007056.json,56,Ligne Horizontale (3+ layouts)
F2007056.json,57,Ligne Horizontale (3+ layouts)
F2007056.json,58,Ligne Horizontale (3+ layouts)
F2007056.json,61,Ligne Horizontale (3+ layouts)
F2007056.json,62,Ligne Horizontale (3+ layouts)
F2007056.json,63,Ligne Horizontale (3+ layouts)
F2007056.json,66,Ligne Horizontale (3+ layouts)
F2007056.json,68,Ligne Horizontale (3+ layouts)
F2007056.json,72,Ligne Horizontale (3+ layouts)
F2007056.json,75,Ligne Horizontale (3+ layouts)
F2007056.json,76,Ligne Horizontale (3+ layouts)
F2007056.json,78,Deux Colonnes
F2007072.json,15,Deux Colonnes
F2008028.json,6,Ligne Horizontale (3+ layouts)
F2008034.json,23,Deux Colonnes
F2008046.json,18,Deux Colonnes
F2009007.json,18,Ligne Horizontale (3+ layouts)
F2009016.json,21,Ligne Horizontale (3+ layouts)
F2009019.json,41,Ligne Horizontale (3+ layouts)
F2009042.json,7,Deux Colonnes
F2009043.json,32,Deux Colonnes
F2009058.json,12,Ligne Horizontale (3+ layouts)
F2009058.json,13,Ligne Horizontale (3+ layouts)
F2009063.json,25,Deux Colonnes
F2009077.json,9,Ligne Horizontale (3+ layouts)
F2009077.json,10,Ligne Horizontale (3+ layouts)
F2009077.json,11,Ligne Horizontale (3+ layouts)
F2010019.json,25,Deux Colonnes
F2010025.json,12,Ligne Horizontale (3+ layouts)
F2010025.json,14,Ligne Horizontale (3+ layouts)
F2010025.json,18,Ligne Horizontale (3+ layouts)
F2010025.json,19,Ligne Horizontale (3+ layouts)
F2010025.json,21,Ligne Horizontale (3+ layouts)
F2010025.json,23,Ligne Horizontale (3+ layouts)
F2010025.json,25,Ligne Horizontale (3+ layouts)
F2010047.json,13,Ligne Horizontale (3+ layouts)
F2010047.json,14,Ligne Horizontale (3+ layouts)
F2010047.json,15,Ligne Horizontale (3+ layouts)
F2010047.json,16,Ligne Horizontale (3+ layouts)
F2010047.json,17,Ligne Horizontale (3+ layouts)
F2010047.json,18,Ligne Horizontale (3+ layouts)
F2010061.json,7,Ligne Horizontale (3+ layouts)
F2010061.json,8,Ligne Horizontale (3+ layouts)
F2010061.json,9,Ligne Horizontale (3+ layouts)
F2010061.json,11,Ligne Horizontale (3+ layouts)
F2010061.json,13,Ligne Horizontale (3+ layouts)
F2010061.json,14,Ligne Horizontale (3+ layouts)
F2010061.json,15,Ligne Horizontale (3+ layouts)
F2010061.json,16,Layouts Imbriqués
F2010061.json,17,Ligne Horizontale (3+ layouts)
F2010061.json,19,Ligne Horizontale (3+ layouts)
F2010061.json,21,Ligne Horizontale (3+ layouts)
F2010061.json,21,Layouts Imbriqués
F2010061.json,24,Layouts Imbriqués
F2010061.json,27,Ligne Horizontale (3+ layouts)
F2010061.json,30,Ligne Horizontale (3+ layouts)
F2010061.json,33,Ligne Horizontale (3+ layouts)
F2010061.json,37,Ligne Horizontale (3+ layouts)
F2010061.json,38,Ligne Horizontale (3+ layouts)
F2010061.json,40,Ligne Horizontale (3+ layouts)
F2010061.json,44,Ligne Horizontale (3+ layouts)
F2010061.json,46,Ligne Horizontale (3+ layouts)
F2010061.json,47,Ligne Horizontale (3+ layouts)
F2010061.json,48,Ligne Horizontale (3+ layouts)
F2010061.json,49,Ligne Horizontale (3+ layouts)
F2010061.json,50,Ligne Horizontale (3+ layouts)
F2010061.json,52,Ligne Horizontale (3+ layouts)
F2010061.json,53,Ligne Horizontale (3+ layouts)
F2010061.json,54,Ligne Horizontale (3+ layouts)
F2010061.json,55,Ligne Horizontale (3+ layouts)
F2010061.json,56,Ligne Horizontale (3+ layouts)
F2010061.json,57,Ligne Horizontale (3+ layouts)
F2010061.json,58,Ligne Horizontale (3+ layouts)
F2010061.json,59,Ligne Horizontale (3+ layouts)
F2010061.json,59,Layouts Imbriqués
F2010061.json,60,Ligne Horizontale (3+ layouts)
F2010061.json,62,Ligne Horizontale (3+ layouts)
F2010061.json,63,Ligne Horizontale (3+ layouts)
F2010061.json,65,Ligne Horizontale (3+ layouts)
F2010061.json,66,Ligne Horizontale (3+ layouts)
F2010061.json,69,Ligne Horizontale (3+ layouts)
F2010061.json,70,Ligne Horizontale (3+ layouts)
F2010061.json,71,Ligne Horizontale (3+ layouts)
F2010061.json,72,Ligne Horizontale (3+ layouts)
F2010061.json,74,Ligne Horizontale (3+ layouts)
F2010061.json,75,Ligne Horizontale (3+ layouts)
F2010061.json,76,Ligne Horizontale (3+ layouts)
F2010061.json,77,Ligne Horizontale (3+ layouts)
F2010061.json,78,Ligne Horizontale (3+ layouts)
F2010061.json,79,Ligne Horizontale (3+ layouts)
F2010061.json,80,Ligne Horizontale (3+ layouts)
F2010061.json,81,Ligne Horizontale (3+ layouts)
F2010061.json,82,Ligne Horizontale (3+ layouts)
F2010061.json,83,Ligne Horizontale (3+ layouts)
F2010061.json,85,Ligne Horizontale (3+ layouts)
F2010061.json,86,Deux Colonnes
F2010061.json,86,Ligne Horizontale (3+ layouts)
F2010061.json,87,Ligne Horizontale (3+ layouts)
F2010061.json,88,Ligne Horizontale (3+ layouts)
F2010061.json,89,Ligne Horizontale (3+ layouts)
F2010061.json,91,Ligne Horizontale (3+ layouts)
F2010061.json,92,Ligne Horizontale (3+ layouts)
F2010061.json,93,Ligne Horizontale (3+ layouts)
F2010061.json,96,Ligne Horizontale (3+ layouts)
F2010061.json,99,Ligne Horizontale (3+ layouts)
F2010061.json,100,Ligne Horizontale (3+ layouts)
F2010061.json,101,Ligne Horizontale (3+ layouts)
F2010061.json,102,Ligne Horizontale (3+ layouts)
F2010061.json,103,Ligne Horizontale (3+ layouts)
F2010061.json,104,Ligne Horizontale (3+ layouts)
F2010061.json,105,Ligne Horizontale (3+ layouts)
F2010061.json,106,Ligne Horizontale (3+ layouts)
F2010066.json,16,Ligne Horizontale (3+ layouts)
F2010075.json,18,Layouts Imbriqués
F2010075.json,22,Layouts Imbriqués
F2010075.json,26,Layouts Imbriqués
F2010075.json,28,Layouts Imbriqués
F2011011.json,23,Ligne Horizontale (3+ layouts)
F2011012.json,19,Deux Colonnes
F2011015.json,28,Deux Colonnes
F2011016.json,17,Deux Colonnes
F2011022.json,22,Ligne Horizontale (3+ layouts)
F2011027.json,20,Layouts Imbriqués
F2011031.json,23,Ligne Horizontale (3+ layouts)
F2011043.json,24,Deux Colonnes
F2011067.json,14,Deux Colonnes
F2011067.json,16,Ligne Horizontale (3+ layouts)
F2012027.json,6,Deux Colonnes
F2012032.json,31,Deux Colonnes
F2012032.json,34,Deux Colonnes
F2012040.json,19,Deux Colonnes
F2012057.json,9,Deux Colonnes
F2012060.json,16,Deux Colonnes
F2012060.json,16,Ligne Horizontale (3+ layouts)
F2012062.json,19,Ligne Horizontale (3+ layouts)
F2012062.json,20,Ligne Horizontale (3+ layouts)
F2012071.json,8,Deux Colonnes
F2013001.json,11,Deux Colonnes
F2013002.json,11,Ligne Horizontale (3+ layouts)
F2013021.json,29,Ligne Horizontale (3+ layouts)
F2013021.json,30,Ligne Horizontale (3+ layouts)
F2013030.json,30,Ligne Horizontale (3+ layouts)
F2013038.json,7,Deux Colonnes
F2013045.json,7,Layouts Imbriqués
F2013051.json,5,Deux Colonnes
F2013056.json,13,Ligne Horizontale (3+ layouts)
F2013056.json,14,Ligne Horizontale (3+ layouts)
F2014006.json,31,Ligne Horizontale (3+ layouts)
F2014030.json,18,Ligne Horizontale (3+ layouts)
F2014058.json,26,Deux Colonnes
F2014076.json,17,Ligne Horizontale (3+ layouts)
F2015014.json,11,Ligne Horizontale (3+ layouts)
F2015026.json,18,Ligne Horizontale (3+ layouts)
F2015026.json,31,Ligne Horizontale (3+ layouts)
F2015032.json,30,Ligne Horizontale (3+ layouts)
F2015049.json,5,Ligne Horizontale (3+ layouts)
F2015053.json,20,Ligne Horizontale (3+ layouts)
F2015066.json,15,Ligne Horizontale (3+ layouts)
F2015066.json,17,Ligne Horizontale (3+ layouts)
F2015066.json,18,Ligne Horizontale (3+ layouts)
F2015066.json,19,Ligne Horizontale (3+ layouts)
F2015066.json,20,Ligne Horizontale (3+ layouts)
F2015066.json,21,Ligne Horizontale (3+ layouts)
F2015067.json,26,Ligne Horizontale (3+ layouts)
F2015067.json,32,Ligne Horizontale (3+ layouts)
F2015069.json,23,Ligne Horizontale (3+ layouts)
F2016019.json,15,Ligne Horizontale (3+ layouts)
F2016027.json,8,Deux Colonnes
F2016038.json,13,Ligne Horizontale (3+ layouts)
F2016045.json,17,Ligne Horizontale (3+ layouts)
F2016058.json,26,Layouts Imbriqués
F2016058.json,27,Ligne Horizontale (3+ layouts)
F2016058.json,27,Layouts Imbriqués
F2017001.json,11,Ligne Horizontale (3+ layouts)
F2017001.json,14,Ligne Horizontale (3+ layouts)
F2017001.json,16,Ligne Horizontale (3+ layouts)
F2017004.json,30,Ligne Horizontale (3+ layouts)
F2017014.json,36,Ligne Horizontale (3+ layouts)
F2017023.json,27,Ligne Horizontale (3+ layouts)
F2017033.json,12,Deux Colonnes
F2017043.json,20,Ligne Horizontale (3+ layouts)
F2017062.json,22,Ligne Horizontale (3+ layouts)
F2018016.json,16,Ligne Horizontale (3+ layouts)
F2018016.json,19,Ligne Horizontale (3+ layouts)
F2018016.json,20,Deux Colonnes
F2018016.json,20,Ligne Horizontale (3+ layouts)
F2018016.json,30,Ligne Horizontale (3+ layouts)
F2018017.json,13,Ligne Horizontale (3+ layouts)
F2018017.json,14,Ligne Horizontale (3+ layouts)
F2018037.json,15,Ligne Horizontale (3+ layouts)
F2018050.json,15,Deux Colonnes
F2018051.json,13,Ligne Horizontale (3+ layouts)
F2018056.json,34,Ligne Horizontale (3+ layouts)
F2018063.json,21,Deux Colonnes
F2018067.json,31,Ligne Horizontale (3+ layouts)
F2018070.json,14,Ligne Horizontale (3+ layouts)
F2018070.json,15,Ligne Horizontale (3+ layouts)
F2018070.json,16,Ligne Horizontale (3+ layouts)
F2018070.json,17,Ligne Horizontale (3+ layouts)
F2018070.json,22,Ligne Horizontale (3+ layouts)
F2018077.json,17,Ligne Horizontale (3+ layouts)
F2018077.json,20,Ligne Horizontale (3+ layouts)
F2018077.json,21,Ligne Horizontale (3+ layouts)
F2019001.json,7,Deux Colonnes
F2019022.json,11,Deux Colonnes
F2019027.json,16,Ligne Horizontale (3+ layouts)
F2019027.json,18,Deux Colonnes
F2019027.json,18,Ligne Horizontale (3+ layouts)
F2019027.json,19,Ligne Horizontale (3+ layouts)
F2019027.json,20,Deux Colonnes
F2019027.json,29,Ligne Horizontale (3+ layouts)
F2019027.json,30,Ligne Horizontale (3+ layouts)
F2019031.json,16,Ligne Horizontale (3+ layouts)
F2019031.json,30,Deux Colonnes
F2019033.json,27,Deux Colonnes
F2019038.json,1,Deux Colonnes
F2019042.json,31,Ligne Horizontale (3+ layouts)
F2019043.json,11,Ligne Horizontale (3+ layouts)
F2019043.json,12,Ligne Horizontale (3+ layouts)
F2019043.json,19,Ligne Horizontale (3+ layouts)
F2019052.json,9,Deux Colonnes
F2019058.json,18,Deux Colonnes
F2019058.json,25,Layouts Imbriqués
F2019059.json,20,Deux Colonnes
F2019070.json,19,Ligne Horizontale (3+ layouts)
F2019070.json,22,Ligne Horizontale (3+ layouts)
F2019077.json,24,Deux Colonnes
F2020001.json,13,Ligne Horizontale (3+ layouts)
F2020004.json,13,Deux Colonnes
F2020009.json,19,Ligne Horizontale (3+ layouts)
F2020016.json,16,Deux Colonnes
F2020019.json,13,Ligne Horizontale (3+ layouts)
F2020019.json,15,Ligne Horizontale (3+ layouts)
F2020019.json,16,Ligne Horizontale (3+ layouts)
F2020020.json,21,Deux Colonnes
F2020021.json,16,Deux Colonnes
F2020022.json,17,Ligne Horizontale (3+ layouts)
F2020022.json,18,Deux Colonnes
F2020022.json,18,Ligne Horizontale (3+ layouts)
F2020022.json,20,Deux Colonnes
F2020022.json,20,Ligne Horizontale (3+ layouts)
F2020022.json,22,Deux Colonnes
F2020022.json,22,Ligne Horizontale (3+ layouts)
F2020022.json,30,Ligne Horizontale (3+ layouts)
F2020022.json,31,Ligne Horizontale (3+ layouts)
F2020039.json,19,Deux Colonnes
F2020041.json,6,Deux Colonnes
F2020052.json,14,Deux Colonnes
F2020053.json,8,Deux Colonnes
F2020053.json,10,Deux Colonnes
F2020063.json,25,Deux Colonnes
F2020064.json,16,Ligne Horizontale (3+ layouts)
F2020072.json,27,Ligne Horizontale (3+ layouts)
F2020078.json,21,Deux Colonnes
F2021014.json,12,Deux Colonnes
F2021018.json,8,Deux Colonnes
F2021029.json,18,Deux Colonnes
F2021029.json,19,Deux Colonnes
F2021031.json,17,Ligne Horizontale (3+ layouts)
F2021032.json,17,Deux Colonnes
F2021032.json,18,Ligne Horizontale (3+ layouts)
F2021032.json,23,Ligne Horizontale (3+ layouts)
F2021041.json,30,Deux Colonnes
F2021052.json,9,Deux Colonnes
F2021053.json,8,Deux Colonnes
F2021053.json,9,Deux Colonnes
F2021053.json,11,Deux Colonnes
F2021063.json,29,Deux Colonnes
F2021068.json,10,Deux Colonnes
F2021074.json,27,Ligne Horizontale (3+ layouts)
F2021077.json,21,Deux Colonnes
F2021095.json,11,Ligne Horizontale (3+ layouts)
F2021095.json,12,Ligne Horizontale (3+ layouts)
F2021095.json,13,Ligne Horizontale (3+ layouts)
F2021095.json,15,Ligne Horizontale (3+ layouts)
F2021095.json,17,Ligne Horizontale (3+ layouts)
F2021095.json,18,Ligne Horizontale (3+ layouts)
F2021095.json,19,Ligne Horizontale (3+ layouts)
F2021095.json,20,Ligne Horizontale (3+ layouts)
F2021095.json,21,Ligne Horizontale (3+ layouts)
F2021095.json,22,Ligne Horizontale (3+ layouts)
F2022008.json,9,Deux Colonnes
F2022012.json,16,Deux Colonnes
F2022013.json,13,Deux Colonnes
F2022014.json,24,Ligne Horizontale (3+ layouts)
F2022017.json,10,Deux Colonnes
F2022017.json,13,Layouts Imbriqués
F2022025.json,20,Deux Colonnes
F2022028.json,19,Deux Colonnes
F2022030.json,22,Deux Colonnes
F2022033.json,6,Deux Colonnes
F2022034.json,52,Deux Colonnes
F2022039.json,15,Deux Colonnes
F2022045.json,3,Deux Colonnes
F2022051.json,19,Deux Colonnes
F2022056.json,12,Deux Colonnes
F2022057.json,9,Deux Colonnes
F2022064.json,44,Deux Colonnes
F2022079.json,18,Ligne Horizontale (3+ layouts)
F2022079.json,19,Ligne Horizontale (3+ layouts)
F2022079.json,20,Ligne Horizontale (3+ layouts)
F2022079.json,22,Ligne Horizontale (3+ layouts)
F2022079.json,23,Ligne Horizontale (3+ layouts)
F2022079.json,24,Ligne Horizontale (3+ layouts)
F2022079.json,25,Ligne Horizontale (3+ layouts)
F2022079.json,26,Ligne Horizontale (3+ layouts)
F2022079.json,27,Ligne Horizontale (3+ layouts)
F2022079.json,28,Ligne Horizontale (3+ layouts)
F2022079.json,29,Ligne Horizontale (3+ layouts)
F2022083.json,9,Deux Colonnes
F2022088.json,21,Deux Colonnes
F2023001.json,39,Ligne Horizontale (3+ layouts)
F2023001.json,107,Ligne Horizontale (3+ layouts)
F2023004.json,13,Deux Colonnes
F2023013.json,7,Ligne Horizontale (3+ layouts)
F2023013.json,23,Deux Colonnes
F2023018.json,17,Deux Colonnes
F2023039.json,10,Deux Colonnes
F2023046.json,22,Deux Colonnes
F2023046.json,24,Deux Colonnes
F2023058.json,16,Deux Colonnes
F2023061.json,16,Deux Colonnes
F2023069.json,17,Deux Colonnes
F2023075.json,33,Deux Colonnes
F2023078.json,28,Deux Colonnes
F2023080.json,18,Ligne Horizontale (3+ layouts)
F2023080.json,19,Ligne Horizontale (3+ layouts)
F2023080.json,20,Ligne Horizontale (3+ layouts)
F2023080.json,21,Ligne Horizontale (3+ layouts)
F2023080.json,22,Ligne Horizontale (3+ layouts)
F2023080.json,23,Ligne Horizontale (3+ layouts)
F2023080.json,24,Ligne Horizontale (3+ layouts)
F2023080.json,25,Ligne Horizontale (3+ layouts)
F2023080.json,26,Ligne Horizontale (3+ layouts)
F2023080.json,27,Ligne Horizontale (3+ layouts)
F2023080.json,28,Ligne Horizontale (3+ layouts)
F2023080.json,29,Ligne Horizontale (3+ layouts)
F2024008.json,18,Deux Colonnes
F2024021.json,22,Ligne Horizontale (3+ layouts)
F2024023.json,12,Deux Colonnes
F2024031.json,16,Deux Colonnes
F2024038.json,2,Deux Colonnes
F2024078.json,9,Ligne Horizontale (3+ layouts)
F2024078.json,10,Ligne Horizontale (3+ layouts)
F2024078.json,11,Ligne Horizontale (3+ layouts)
F2024078.json,12,Ligne Horizontale (3+ layouts)
F2024078.json,13,Ligne Horizontale (3+ layouts)
F2024078.json,14,Ligne Horizontale (3+ layouts)
F2024078.json,15,Ligne Horizontale (3+ layouts)
F2024078.json,16,Ligne Horizontale (3+ layouts)
F2024078.json,17,Ligne Horizontale (3+ layouts)
F2024078.json,18,Ligne Horizontale (3+ layouts)
F2024078.json,19,Ligne Horizontale (3+ layouts)
F2024081.json,11,Deux Colonnes
